id,title,date_recorded,duration,language_name,category,subcategories,thumbnail_url,audio_url,mp4_url,m3u8_url,speaker_name_first,speaker_name_last
368347,The Correct Time for Sefirat HaOmer,2025-05-11,3819,English,Holidays,Omer,https://ta-lectures.s3.us-east-005.backblazeb2.com/thumbnails/368347/368347-sw4a48.jpg,https://ta-lectures.s3.us-east-005.backblazeb2.com/mp3/368347/368347-sw45vy.mp3,https://ta-lectures.s3.us-east-005.backblazeb2.com/mp4/368347-sw45vy.mp4,https://ta-lectures.s3.us-east-005.backblazeb2.com/hls/368347/sw45vy/master.m3u8,Asher,Weiss
368201,7th Chemed Medicine & Ethics Conference: Organ Donation After Cardiac Death,2025-05-10,2639,English,Halacha/Jewish Law,,https://ta-lectures.s3.us-east-005.backblazeb2.com/thumbnails/368201/368201-sw28ez.jpg,https://ta-lectures.s3.us-east-005.backblazeb2.com/mp3/368201/368201-sw26qc.mp3,https://ta-lectures.s3.us-east-005.backblazeb2.com/mp4/368201-sw26qc.mp4,https://ta-lectures.s3.us-east-005.backblazeb2.com/hls/368201/sw26qc/master.m3u8,Asher,Weiss
367987,The Unique Qualities of Mitzva V'Ohavta L'rayacha Kamocha,2025-05-09,2310,English,Parasha/Torah Portion,Acharei Mot-Kedoshim,https://ta-lectures.s3.us-east-005.backblazeb2.com/thumbnails/367987/367987-svzlxp.jpg,https://ta-lectures.s3.us-east-005.backblazeb2.com/mp3/367987/367987-svzkp5.mp3,https://ta-lectures.s3.us-east-005.backblazeb2.com/mp4/367987-svzkp5.mp4,https://ta-lectures.s3.us-east-005.backblazeb2.com/hls/367987/svzkp5/master.m3u8,Asher,Weiss
367850,מסר קצר לימי העומר,2025-05-08,533,Hebrew,Holidays,Omer,https://ta-lectures.s3.us-east-005.backblazeb2.com/thumbnails/367850/367850-svynkq.jpg,https://ta-lectures.s3.us-east-005.backblazeb2.com/mp3/367850/367850-svymg5.mp3,https://ta-lectures.s3.us-east-005.backblazeb2.com/mp4/367850-svymg5.mp4,https://ta-lectures.s3.us-east-005.backblazeb2.com/hls/367850/svymg5/master.m3u8,Asher,Weiss
367321,פרשת אחרי מות קדושים: ואהבת לרעך כמוך,2025-05-06,3087,Hebrew,Parasha/Torah Portion,Acharei Mot-Kedoshim,https://ta-lectures.s3.us-east-005.backblazeb2.com/thumbnails/367321/367321-svugce.jpg,https://ta-lectures.s3.us-east-005.backblazeb2.com/mp3/367321/367321-svubla.mp3,https://ta-lectures.s3.us-east-005.backblazeb2.com/mp4/367321-svubla.mp4,https://ta-lectures.s3.us-east-005.backblazeb2.com/hls/367321/svubla/master.m3u8,Asher,Weiss
366906,Parshas Acharei-Mot Kedoshim: The Mitzvah of V'Ohavta L'rayacha Kamocha,2025-05-05,3735,English,Parasha/Torah Portion,Acharei Mot-Kedoshim,https://ta-lectures.s3.us-east-005.backblazeb2.com/thumbnails/366906/366906-svrye2.jpg,https://ta-lectures.s3.us-east-005.backblazeb2.com/mp3/366906/366906-svrx8b.mp3,https://ta-lectures.s3.us-east-005.backblazeb2.com/mp4/366906-svrx8b.mp4,https://ta-lectures.s3.us-east-005.backblazeb2.com/hls/366906/svrx8b/master.m3u8,Asher,Weiss
366799,Short Thought on the Aveilos of Sefiras HaOmer,2025-05-04,762,English,Holidays,Omer,https://ta-lectures.s3.us-east-005.backblazeb2.com/thumbnails/366799/366799-svr77c.jpg,https://ta-lectures.s3.us-east-005.backblazeb2.com/mp3/366799/366799-svr6yp.mp3,https://ta-lectures.s3.us-east-005.backblazeb2.com/mp4/366799-svr6yp.mp4,https://ta-lectures.s3.us-east-005.backblazeb2.com/hls/366799/svr6yp/master.m3u8,Asher,Weiss
366567,The Mitzvah of Sefiras HaOmer,2025-05-03,2092,English,Holidays,Omer,https://ta-lectures.s3.us-east-005.backblazeb2.com/thumbnails/366567/366567-svpbvi.jpg,https://ta-lectures.s3.us-east-005.backblazeb2.com/mp3/366567/366567-svpaaw.mp3,https://ta-lectures.s3.us-east-005.backblazeb2.com/mp4/366567-svpaaw.mp4,https://ta-lectures.s3.us-east-005.backblazeb2.com/hls/366567/svpaaw/master.m3u8,Asher,Weiss
366415,Short Thought on Sefirat HaOmer,2025-05-02,803,English,Holidays,Omer,https://ta-lectures.s3.us-east-005.backblazeb2.com/thumbnails/366415/366415-svmm2r.jpg,https://ta-lectures.s3.us-east-005.backblazeb2.com/mp3/366415/366415-svmlo5.mp3,https://ta-lectures.s3.us-east-005.backblazeb2.com/mp4/366415-svmlo5.mp4,https://ta-lectures.s3.us-east-005.backblazeb2.com/hls/366415/svmlo5/master.m3u8,Asher,Weiss
366133,פרדס שלמה טעגליך: פ' תזו''מ,2025-05-01,576,Yiddish,Parasha/Torah Portion,Tazria-Metzora,https://ta-lectures.s3.us-east-005.backblazeb2.com/thumbnails/366133/366133-svkqgp.jpg,https://ta-lectures.s3.us-east-005.backblazeb2.com/mp3/366133/366133-svkqgs.mp3,,,Asher,Weiss
366158,פתיחת הזמן בכולל הוראה דקהילת חיי הנפש,2025-05-01,1378,Yiddish,Jewish Understanding,,https://ta-lectures.s3.us-east-005.backblazeb2.com/thumbnails/366158/366158-svl2vc.jpg,https://ta-lectures.s3.us-east-005.backblazeb2.com/mp3/366158/366158-svl1qt.mp3,https://ta-lectures.s3.us-east-005.backblazeb2.com/mp4/366158-svl1qt.mp4,https://ta-lectures.s3.us-east-005.backblazeb2.com/hls/366158/svl1qt/master.m3u8,Asher,Weiss
366289,מסר קצר לימי ספירת העומר,2025-05-01,681,Hebrew,Holidays,Omer,https://ta-lectures.s3.us-east-005.backblazeb2.com/thumbnails/366289/366289-svlmpl.jpg,https://ta-lectures.s3.us-east-005.backblazeb2.com/mp3/366289/366289-svlllw.mp3,https://ta-lectures.s3.us-east-005.backblazeb2.com/mp4/366289-svlllw.mp4,https://ta-lectures.s3.us-east-005.backblazeb2.com/hls/366289/svlllw/master.m3u8,Asher,Weiss
365862,Pardes Shlomo Daily: Parshas tazria-metzora,2025-04-30,546,English,Parasha/Torah Portion,Tazria-Metzora,https://ta-lectures.s3.us-east-005.backblazeb2.com/thumbnails/365862/365862-svj361.jpg,https://ta-lectures.s3.us-east-005.backblazeb2.com/mp3/365862/365862-svj363.mp3,,,Asher,Weiss
365831,שבות דשבות במקום מצווה,2025-04-29,3097,Hebrew,Jewish Understanding,,https://ta-lectures.s3.us-east-005.backblazeb2.com/thumbnails/365831/365831-svimq6.jpg,https://ta-lectures.s3.us-east-005.backblazeb2.com/mp3/365831/365831-svikvx.mp3,https://ta-lectures.s3.us-east-005.backblazeb2.com/mp4/365831-svikvx.mp4,https://ta-lectures.s3.us-east-005.backblazeb2.com/hls/365831/svikvx/master.m3u8,Asher,Weiss
363641,ברכת הפסח והזבח,2025-04-17,3509,Hebrew,Holidays,Pesach/Passover,https://ta-lectures.s3.us-east-005.backblazeb2.com/thumbnails/363641/363641-suvr2p.jpg,https://ta-lectures.s3.us-east-005.backblazeb2.com/mp3/363641/363641-suvoyr.mp3,https://ta-lectures.s3.us-east-005.backblazeb2.com/mp4/363641-suvoyr.mp4,https://ta-lectures.s3.us-east-005.backblazeb2.com/hls/363641/suvoyr/master.m3u8,Asher,Weiss
363215,חזקת ג' פעמים - בקהילת בני תורה הר נוף,2025-04-15,3326,Hebrew,Jewish Understanding,,https://ta-lectures.s3.us-east-005.backblazeb2.com/thumbnails/363215/363215-sur0le.jpg,https://ta-lectures.s3.us-east-005.backblazeb2.com/mp3/363215/363215-suqzap.mp3,https://ta-lectures.s3.us-east-005.backblazeb2.com/mp4/363215-suqzap.mp4,https://ta-lectures.s3.us-east-005.backblazeb2.com/hls/363215/suqzap/master.m3u8,Asher,Weiss
363291,מסר קצר בחוה''מ פסח,2025-04-15,883,Hebrew,Holidays,Pesach/Passover,https://ta-lectures.s3.us-east-005.backblazeb2.com/thumbnails/363291/363291-sus0qn.jpg,https://ta-lectures.s3.us-east-005.backblazeb2.com/mp3/363291/363291-sus0at.mp3,https://ta-lectures.s3.us-east-005.backblazeb2.com/mp4/363291-sus0at.mp4,https://ta-lectures.s3.us-east-005.backblazeb2.com/hls/363291/sus0at/master.m3u8,Asher,Weiss
362871,Pardes Shlomo Daily: Leil HaSeder,2025-04-11,440,English,Holidays,Pesach/Passover,https://ta-lectures.s3.us-east-005.backblazeb2.com/thumbnails/362871/362871-suiede.jpg,https://ta-lectures.s3.us-east-005.backblazeb2.com/mp3/362871/362871-suiedp.mp3,,,Asher,Weiss
362655, מסר קצר לליל הסדר,2025-04-09,1008,Hebrew,Holidays,Pesach/Passover,https://ta-lectures.s3.us-east-005.backblazeb2.com/thumbnails/362655/362655-sugwql.jpg,https://ta-lectures.s3.us-east-005.backblazeb2.com/mp3/362655/362655-sugvck.mp3,https://ta-lectures.s3.us-east-005.backblazeb2.com/mp4/362655-sugvck.mp4,https://ta-lectures.s3.us-east-005.backblazeb2.com/hls/362655/sugvck/master.m3u8,Asher,Weiss
362222,ערב פסח שחל בשבת: סעודה שניה,2025-04-08,2898,Hebrew,Holidays,Pesach/Passover,https://ta-lectures.s3.us-east-005.backblazeb2.com/thumbnails/362222/362222-suezm2.jpg,https://ta-lectures.s3.us-east-005.backblazeb2.com/mp3/362222/362222-suewxj.mp3,https://ta-lectures.s3.us-east-005.backblazeb2.com/mp4/362222-suewxj.mp4,https://ta-lectures.s3.us-east-005.backblazeb2.com/hls/362222/suewxj/master.m3u8,Asher,Weiss
362406,Short Thought on Pesach: The 4 Sons ,2025-04-08,546,English,Holidays,Pesach/Passover,https://ta-lectures.s3.us-east-005.backblazeb2.com/thumbnails/362406/362406-sug97g.jpg,https://ta-lectures.s3.us-east-005.backblazeb2.com/mp3/362406/362406-sug8ol.mp3,https://ta-lectures.s3.us-east-005.backblazeb2.com/mp4/362406-sug8ol.mp4,https://ta-lectures.s3.us-east-005.backblazeb2.com/hls/362406/sug8ol/master.m3u8,Asher,Weiss
361856,Erev Pesach on Shabbos,2025-04-07,4170,English,Holidays,Pesach/Passover,https://ta-lectures.s3.us-east-005.backblazeb2.com/thumbnails/361856/361856-succwf.jpg,https://ta-lectures.s3.us-east-005.backblazeb2.com/mp3/361856/361856-suc9vr.mp3,https://ta-lectures.s3.us-east-005.backblazeb2.com/mp4/361856-suc9vr.mp4,https://ta-lectures.s3.us-east-005.backblazeb2.com/hls/361856/suc9vr/master.m3u8,Asher,Weiss
361864,שיעור בקהילת חיי נפש בירושלים: ערב פסח שחל בשבת (יידיש),2025-04-07,3469,Yiddish,Holidays,Pesach/Passover,https://ta-lectures.s3.us-east-005.backblazeb2.com/thumbnails/361864/361864-suclw1.jpg,https://ta-lectures.s3.us-east-005.backblazeb2.com/mp3/361864/361864-sucknw.mp3,https://ta-lectures.s3.us-east-005.backblazeb2.com/mp4/361864-sucknw.mp4,https://ta-lectures.s3.us-east-005.backblazeb2.com/hls/361864/sucknw/master.m3u8,Asher,Weiss
361906,Structure of The Haggadah,2025-04-07,1327,English,Holidays,Pesach/Passover,https://ta-lectures.s3.us-east-005.backblazeb2.com/thumbnails/361906/361906-sucxak.jpg,https://ta-lectures.s3.us-east-005.backblazeb2.com/mp3/361906/361906-sucw9d.mp3,https://ta-lectures.s3.us-east-005.backblazeb2.com/mp4/361906-sucw9d.mp4,https://ta-lectures.s3.us-east-005.backblazeb2.com/hls/361906/sucw9d/master.m3u8,Asher,Weiss
361229,מסר קצר לפסח.,2025-04-03,702,Hebrew,Holidays,Pesach/Passover,https://ta-lectures.s3.us-east-005.backblazeb2.com/thumbnails/361229/361229-su5twp.jpg,https://ta-lectures.s3.us-east-005.backblazeb2.com/mp3/361229/361229-su5s4p.mp3,https://ta-lectures.s3.us-east-005.backblazeb2.com/mp4/361229-su5s4p.mp4,https://ta-lectures.s3.us-east-005.backblazeb2.com/hls/361229/su5s4p/master.m3u8,Asher,Weiss
360320,שיעור בביהכ''נ בני הישיבות רמב''ש ד': מצוות מצה כל שבעה,2025-03-31,3523,Hebrew,Holidays,Pesach/Passover,https://ta-lectures.s3.us-east-005.backblazeb2.com/thumbnails/360320/360320-stz86n.jpg,https://ta-lectures.s3.us-east-005.backblazeb2.com/mp3/360320/360320-stz68q.mp3,https://ta-lectures.s3.us-east-005.backblazeb2.com/mp4/360320-stz68q.mp4,https://ta-lectures.s3.us-east-005.backblazeb2.com/hls/360320/stz68q/master.m3u8,Asher,Weiss
360495, סעודת שבת בערב פסח שחל בשבת,2025-03-31,3232,Hebrew,Holidays,Pesach/Passover,https://ta-lectures.s3.us-east-005.backblazeb2.com/thumbnails/360495/360495-su0gzr.jpg,https://ta-lectures.s3.us-east-005.backblazeb2.com/mp3/360495/360495-su0djs.mp3,https://ta-lectures.s3.us-east-005.backblazeb2.com/mp4/360495-su0djs.mp4,https://ta-lectures.s3.us-east-005.backblazeb2.com/hls/360495/su0djs/master.m3u8,Asher,Weiss
360231,שיעור בביהכ''נ אור אליהו רמב''ש ג': ערב פסח שחל בשבת,2025-03-30,3297,Hebrew,Holidays,Pesach/Passover,https://ta-lectures.s3.us-east-005.backblazeb2.com/thumbnails/360231/360231-styjqm.jpg,https://ta-lectures.s3.us-east-005.backblazeb2.com/mp3/360231/360231-stycq9.mp3,https://ta-lectures.s3.us-east-005.backblazeb2.com/mp4/360231-stycq9.mp4,https://ta-lectures.s3.us-east-005.backblazeb2.com/hls/360231/stycq9/master.m3u8,Asher,Weiss
359933,Pardes Shlomo Daily: Parshas Pikudei,2025-03-28,295,English,Parasha/Torah Portion,Pekudei,https://ta-lectures.s3.us-east-005.backblazeb2.com/thumbnails/359933/359933-sttskn.jpg,https://ta-lectures.s3.us-east-005.backblazeb2.com/mp3/359933/359933-sttsko.mp3,,,Asher,Weiss
359841,"בעל שואל ומשיב זצ""ל: משנתו דרכו והשפעתו על עולם ההלכה",2025-03-27,3074,Hebrew,Eulogies/Hespedim,,https://ta-lectures.s3.us-east-005.backblazeb2.com/thumbnails/359841/359841-stu3lc.jpg,https://ta-lectures.s3.us-east-005.backblazeb2.com/mp3/359841/359841-sttz5n.mp3,https://ta-lectures.s3.us-east-005.backblazeb2.com/mp4/359841-sttz5n.mp4,https://ta-lectures.s3.us-east-005.backblazeb2.com/hls/359841/sttz5n/master.m3u8,Asher,Weiss
359411,שיעור במקסיקו במאור אברהם בנושא מצוות מצה,2025-03-26,3117,Hebrew,Holidays,Pesach/Passover,https://torahanytime.com/images/audio_player_thumb.svg,https://ta-lectures.s3.us-east-005.backblazeb2.com/mp3/359411/359411-stqg3s.mp3,,,Asher,Weiss
359478,שיעור במקסיקו בכתר תורה טקמצ'לקו בנושא דינא דמלכותא דינא,2025-03-26,2962,Hebrew,Jewish Understanding,,https://torahanytime.com/images/audio_player_thumb.svg,https://ta-lectures.s3.us-east-005.backblazeb2.com/mp3/359478/359478-stqn9w.mp3,,,Asher,Weiss
358356,מסר קצר: סמיכות גאולה לגאולה,2025-03-20,309,Hebrew,Jewish Understanding,,https://ta-lectures.s3.us-east-005.backblazeb2.com/thumbnails/358356/358356-stfqop.jpg,https://ta-lectures.s3.us-east-005.backblazeb2.com/mp3/358356/358356-stfqef.mp3,https://ta-lectures.s3.us-east-005.backblazeb2.com/mp4/358356-stfqef.mp4,https://ta-lectures.s3.us-east-005.backblazeb2.com/hls/358356/stfqef/master.m3u8,Asher,Weiss
357736,שואלין ודורשין בהלכות החג וקורבנות בזמנינו,2025-03-18,2523,Hebrew,Jewish Understanding,,https://ta-lectures.s3.us-east-005.backblazeb2.com/thumbnails/357736/357736-stbjb7.jpg,https://ta-lectures.s3.us-east-005.backblazeb2.com/mp3/357736/357736-stbi86.mp3,https://ta-lectures.s3.us-east-005.backblazeb2.com/mp4/357736-stbi86.mp4,https://ta-lectures.s3.us-east-005.backblazeb2.com/hls/357736/stbi86/master.m3u8,Asher,Weiss
357353,Short Thought on Purim & Current Events,2025-03-16,745,English,Holidays,Purim,https://ta-lectures.s3.us-east-005.backblazeb2.com/thumbnails/357353/357353-st7yq3.jpg,https://ta-lectures.s3.us-east-005.backblazeb2.com/mp3/357353/357353-st7yju.mp3,https://ta-lectures.s3.us-east-005.backblazeb2.com/mp4/357353-st7yju.mp4,https://ta-lectures.s3.us-east-005.backblazeb2.com/hls/357353/st7yju/master.m3u8,Asher,Weiss
357425,Hesped on Rav Nota Schiller ZTL,2025-03-16,493,English,Eulogies/Hespedim,,https://ta-lectures.s3.us-east-005.backblazeb2.com/thumbnails/357425/357425-st8flo.jpg,https://ta-lectures.s3.us-east-005.backblazeb2.com/mp3/357425/357425-st8f0l.mp3,https://ta-lectures.s3.us-east-005.backblazeb2.com/mp4/357425-st8f0l.mp4,https://ta-lectures.s3.us-east-005.backblazeb2.com/hls/357425/st8f0l/master.m3u8,Asher,Weiss
356724,מסר קצר לפורים: עד דלא ידע,2025-03-12,450,Hebrew,Holidays,Purim,https://ta-lectures.s3.us-east-005.backblazeb2.com/thumbnails/356724/356724-st0jk8.jpg,https://ta-lectures.s3.us-east-005.backblazeb2.com/mp3/356724/356724-st0j8e.mp3,,https://ta-lectures.s3.us-east-005.backblazeb2.com/hls/356724/st0j8e/master.m3u8,Asher,Weiss
356603, מקרא מגילה בפורים משולש,2025-03-11,2966,Hebrew,Holidays,Purim,https://ta-lectures.s3.us-east-005.backblazeb2.com/thumbnails/356603/356603-sszfc7.jpg,https://ta-lectures.s3.us-east-005.backblazeb2.com/mp3/356603/356603-sszdl2.mp3,,https://ta-lectures.s3.us-east-005.backblazeb2.com/hls/356603/sszdl2/master.m3u8,Asher,Weiss
356026,פורים משולש (יידיש),2025-03-09,3253,Yiddish,Holidays,Purim,https://ta-lectures.s3.us-east-005.backblazeb2.com/thumbnails/356026/356026-ssvntr.jpg,https://ta-lectures.s3.us-east-005.backblazeb2.com/mp3/356026/356026-ssvm0l.mp3,,https://ta-lectures.s3.us-east-005.backblazeb2.com/hls/356026/ssvm0l/master.m3u8,Asher,Weiss
355699,Short Thought on Purim,2025-03-07,462,English,Holidays,Purim,https://ta-lectures.s3.us-east-005.backblazeb2.com/thumbnails/355699/355699-ssqzuq.jpg,https://ta-lectures.s3.us-east-005.backblazeb2.com/mp3/355699/355699-ssqzqh.mp3,,https://ta-lectures.s3.us-east-005.backblazeb2.com/hls/355699/ssqzqh/master.m3u8,Asher,Weiss
355712,Purim Meshulash,2025-03-07,2228,English,Holidays,Purim,https://ta-lectures.s3.us-east-005.backblazeb2.com/thumbnails/355712/355712-ssr2mk.jpg,https://ta-lectures.s3.us-east-005.backblazeb2.com/mp3/355712/355712-ssr1hh.mp3,,https://ta-lectures.s3.us-east-005.backblazeb2.com/hls/355712/ssr1hh/master.m3u8,Asher,Weiss
355545,הלכות נדה #10 וסתות דאורייתא או דרבנן,2025-03-06,2192,Yiddish,Halacha/Jewish Law,,https://ta-lectures.s3.us-east-005.backblazeb2.com/thumbnails/355545/355545-sspzuw.jpg,https://ta-lectures.s3.us-east-005.backblazeb2.com/mp3/355545/355545-sspyjd.mp3,,https://ta-lectures.s3.us-east-005.backblazeb2.com/hls/355545/sspyjd/master.m3u8,Asher,Weiss
355550,מסר קצר לימי הפורים,2025-03-06,567,Hebrew,Holidays,Purim,https://ta-lectures.s3.us-east-005.backblazeb2.com/thumbnails/355550/355550-sspzak.jpg,https://ta-lectures.s3.us-east-005.backblazeb2.com/mp3/355550/355550-sspyvd.mp3,,https://ta-lectures.s3.us-east-005.backblazeb2.com/hls/355550/sspyvd/master.m3u8,Asher,Weiss
355038,פורים המשולש,2025-03-04,2764,Hebrew,Holidays,Purim,https://ta-lectures.s3.us-east-005.backblazeb2.com/thumbnails/355038/355038-ssmek3.jpg,https://ta-lectures.s3.us-east-005.backblazeb2.com/mp3/355038/355038-ssmdcn.mp3,https://ta-lectures.s3.us-east-005.backblazeb2.com/mobileres/355038--____02_02_2025__3223950c-6a82-4666-9c6d-6c62b0bb3ff8.mp4,https://ta-lectures.s3.us-east-005.backblazeb2.com/hls/355038/ssmdcn/master.m3u8,Asher,Weiss
354417,Short Thought on Chodesh Adar,2025-03-02,1093,English,Rosh Chodesh/Jewish Months,Adar,https://ta-lectures.s3.us-east-005.backblazeb2.com/thumbnails/354417/354417-sshhye.jpg,https://ta-lectures.s3.us-east-005.backblazeb2.com/mp3/354417/354417-sshhao.mp3,https://ta-lectures.s3.us-east-005.backblazeb2.com/mobileres/354417--____02_00_2025__f616077e-8523-434d-8424-d63d7fae62ef.mp4,https://ta-lectures.s3.us-east-005.backblazeb2.com/hls/354417/sshhao/master.m3u8,Asher,Weiss
354421,Bringing Korbanos Nowadays (David Grossman Yahrtzeit Shiur),2025-03-02,3528,English,Jewish Understanding,,https://ta-lectures.s3.us-east-005.backblazeb2.com/thumbnails/354421/354421-sshkng.jpg,https://ta-lectures.s3.us-east-005.backblazeb2.com/mp3/354421/354421-sshjgk.mp3,https://ta-lectures.s3.us-east-005.backblazeb2.com/mobileres/354421--____02_00_2025__7305cdc5-d85a-4ff1-b2c4-fc5088d07663.mp4,https://ta-lectures.s3.us-east-005.backblazeb2.com/hls/354421/sshjgk/master.m3u8,Asher,Weiss
354194,הלכות נדה #9 עונה בינונית,2025-02-28,1967,Yiddish,Halacha/Jewish Law,,https://ta-lectures.s3.us-east-005.backblazeb2.com/thumbnails/354194/354194-ssdr17.jpg,https://dl.torahanytime.com/mp3/354194--____01_05_2025__4b9e74dd-490a-49b5-925c-3cdc2269469d.mp4.mp3,https://ta-lectures.s3.us-east-005.backblazeb2.com/mobileres/354194--____01_05_2025__4b9e74dd-490a-49b5-925c-3cdc2269469d.mp4,https://ta-lectures.s3.us-east-005.backblazeb2.com/hls/354194/ssdqja/master.m3u8,Asher,Weiss
354229,Short Thought for Shabbos Rosh Chodesh,2025-02-28,543,English,Rosh Chodesh/Jewish Months,,https://ta-lectures.s3.us-east-005.backblazeb2.com/thumbnails/354229/354229-sse28z.jpg,https://dl.torahanytime.com/mp3/354229--____01_05_2025__0fa55072-3735-4b35-ac39-6a72b96e3f49.mp4.mp3,https://ta-lectures.s3.us-east-005.backblazeb2.com/mobileres/354229--____01_05_2025__0fa55072-3735-4b35-ac39-6a72b96e3f49.mp4,https://ta-lectures.s3.us-east-005.backblazeb2.com/hls/354229/sse1yx/master.m3u8,Asher,Weiss
354246,Shabbos Rosh Chodesh Davening,2025-02-28,2035,English,Rosh Chodesh/Jewish Months,,https://ta-lectures.s3.us-east-005.backblazeb2.com/thumbnails/354246/354246-sse5t0.jpg,https://dl.torahanytime.com/mp3/354246--____01_05_2025__be59dd3b-ad4d-488f-a56e-80567f23bf9a.mp4.mp3,https://ta-lectures.s3.us-east-005.backblazeb2.com/mobileres/354246--____01_05_2025__be59dd3b-ad4d-488f-a56e-80567f23bf9a.mp4,https://ta-lectures.s3.us-east-005.backblazeb2.com/hls/354246/sse5a9/master.m3u8,Asher,Weiss
354085, מסר קצר לפרשת תרומה,2025-02-27,475,Hebrew,Parasha/Torah Portion,Terumah,https://ta-lectures.s3.us-east-005.backblazeb2.com/thumbnails/354085/354085-ssd0zc.jpg,https://dl.torahanytime.com/mp3/354085--____01_04_2025__55d2cb8c-287f-43be-b456-893f7f8830f8.mp4.mp3,https://ta-lectures.s3.us-east-005.backblazeb2.com/mobileres/354085--____01_04_2025__55d2cb8c-287f-43be-b456-893f7f8830f8.mp4,https://ta-lectures.s3.us-east-005.backblazeb2.com/hls/354085/ssd0hk/master.m3u8,Asher,Weiss
353470,תפילת שבת ראש חודש,2025-02-25,2744,Hebrew,Rosh Chodesh/Jewish Months,,https://ta-lectures.s3.us-east-005.backblazeb2.com/thumbnails/353470/353470-ss8lev.jpg,https://dl.torahanytime.com/mp3/353470--____01_02_2025__79039e16-4999-4834-8fa6-1b2b5095b71e.mp4.mp3,https://ta-lectures.s3.us-east-005.backblazeb2.com/mobileres/353470--____01_02_2025__79039e16-4999-4834-8fa6-1b2b5095b71e.mp4,https://ta-lectures.s3.us-east-005.backblazeb2.com/hls/353470/ss8lev/master.m3u8,Asher,Weiss
352853,Short Thought on Tefillah,2025-02-21,337,English,Tefillah/Prayer,,https://ta-lectures.s3.us-east-005.backblazeb2.com/thumbnails/352853/352853-ss10ko.jpg,https://dl.torahanytime.com/mp3/352853--____01_05_2025__8ec02846-86e4-481f-9052-70b337d67e34.mp4.mp3,https://ta-lectures.s3.us-east-005.backblazeb2.com/mobileres/352853--____01_05_2025__8ec02846-86e4-481f-9052-70b337d67e34.mp4,https://ta-lectures.s3.us-east-005.backblazeb2.com/hls/352853/ss10ko/master.m3u8,Asher,Weiss
352856,Parshat Mishpatim: The Mitzvah of Tefillah,2025-02-21,2234,English,Parasha/Torah Portion,Mishpatim,https://ta-lectures.s3.us-east-005.backblazeb2.com/thumbnails/352856/352856-ss11g4.jpg,https://dl.torahanytime.com/mp3/352856--____01_05_2025__28de5ac4-a0b0-4b5c-bee9-d1accf26892d.mp4.mp3,https://ta-lectures.s3.us-east-005.backblazeb2.com/mobileres/352856--____01_05_2025__28de5ac4-a0b0-4b5c-bee9-d1accf26892d.mp4,https://ta-lectures.s3.us-east-005.backblazeb2.com/hls/352856/ss11g4/master.m3u8,Asher,Weiss
352727,מסר קצר לפרשת משפטים,2025-02-20,406,Hebrew,Parasha/Torah Portion,,https://ta-lectures.s3.us-east-005.backblazeb2.com/thumbnails/352727/352727-ss03ll.jpg,https://dl.torahanytime.com/mp3/352727--____01_04_2025__3f3fd03d-9347-42c5-b1d0-0b93d1434889.mp4.mp3,https://ta-lectures.s3.us-east-005.backblazeb2.com/mobileres/352727--____01_04_2025__3f3fd03d-9347-42c5-b1d0-0b93d1434889.mp4,https://ta-lectures.s3.us-east-005.backblazeb2.com/hls/352727/ss03ll/master.m3u8,Asher,Weiss
352435,Agudah Yerushalayim Yarchei Kallah 5785: Wednesday Shiur Iyun ,2025-02-19,2925,English,Halacha/Jewish Law,Monetary Halacha,https://ta-lectures.s3.us-east-005.backblazeb2.com/thumbnails/352435/352435-srxxoy.jpg,https://dl.torahanytime.com/mp3/352435--____01_03_2025__8a37effc-076c-41b2-b172-282d628f1368.mp4.mp3,https://ta-lectures.s3.us-east-005.backblazeb2.com/mobileres/352435--____01_03_2025__8a37effc-076c-41b2-b172-282d628f1368.mp4,https://ta-lectures.s3.us-east-005.backblazeb2.com/hls/352435/srxxoy/master.m3u8,Asher,Weiss
352195,Agudah Yerushalayim Yarchei Kallah 5785: Monday Hakdama Shiur,2025-02-18,4034,English,Halacha/Jewish Law,Monetary Halacha,https://ta-lectures.s3.us-east-005.backblazeb2.com/thumbnails/352195/352195-srw2np.jpg,https://dl.torahanytime.com/mp3/352195--____01_02_2025__a5b9d44d-a6d9-46a1-8f5b-b0560f9ce59d.mp4.mp3,https://ta-lectures.s3.us-east-005.backblazeb2.com/mobileres/352195--____01_02_2025__a5b9d44d-a6d9-46a1-8f5b-b0560f9ce59d.mp4,https://ta-lectures.s3.us-east-005.backblazeb2.com/hls/352195/srw2np/master.m3u8,Asher,Weiss
352013,פרשת משפטים: מצוות תפילה,2025-02-17,3211,Hebrew,Parasha/Torah Portion,Mishpatim,https://ta-lectures.s3.us-east-005.backblazeb2.com/thumbnails/352013/352013-srui49.jpg,https://dl.torahanytime.com/mp3/352013--____01_01_2025__12e7cf08-b201-43ba-bac5-9795629c6916.mp4.mp3,https://ta-lectures.s3.us-east-005.backblazeb2.com/mobileres/352013--____01_01_2025__12e7cf08-b201-43ba-bac5-9795629c6916.mp4,https://ta-lectures.s3.us-east-005.backblazeb2.com/hls/352013/srui49/master.m3u8,Asher,Weiss
351806,Shiur in the Yeshiva of South Florida: The Three Fundamentals of קנין התורה,2025-02-16,2342,English,Jewish Understanding,,https://ta-lectures.s3.us-east-005.backblazeb2.com/thumbnails/audio.jpg,https://dl.torahanytime.com/mp3/351806--____01_00_2025__70cc182e-e689-481c-b08c-04cb02e1ff99.mp3.mp3,,,Asher,Weiss
351428,Pardes Shlomo Daily: Harav Asher Weiss - Parshas Yisro,2025-02-15,428,English,Parasha/Torah Portion,Yitro,https://ta-lectures.s3.us-east-005.backblazeb2.com/thumbnails/351428/351428-sro4u4.jpg,https://dl.torahanytime.com/mp3/351428--____01_05_2025__be577094-5bce-4873-9f2d-611e55a8374d.mp3.mp3,,,Asher,Weiss
351106,"Shiur in Boca Raton Florida: Klal Yisroel at War - Thoughts, Insights & Halachic Questions",2025-02-13,2294,English,Response to Tragic Events,,https://ta-lectures.s3.us-east-005.backblazeb2.com/thumbnails/351106/351106-srlysa.jpg,https://dl.torahanytime.com/mp3/351106--____01_04_2025__3689b479-ad42-4b03-85a0-8507d2d18611.mp4.mp3,https://ta-lectures.s3.us-east-005.backblazeb2.com/mobileres/351106--____01_04_2025__3689b479-ad42-4b03-85a0-8507d2d18611.mp4,https://ta-lectures.s3.us-east-005.backblazeb2.com/hls/351106/srlysa/master.m3u8,Asher,Weiss
349310,שיעור בברזיל: הידור מצווה,2025-02-08,1961,Hebrew,Halacha/Jewish Law,,https://ta-lectures.s3.us-east-005.backblazeb2.com/thumbnails/349310/349310-srdnyy.jpg,https://dl.torahanytime.com/mp3/349310--____01_06_2025__6e2eb006-c6b5-4b47-bcc3-3efccb2f4d9d.mp4.mp3,https://ta-lectures.s3.us-east-005.backblazeb2.com/mobileres/349310--____01_06_2025__6e2eb006-c6b5-4b47-bcc3-3efccb2f4d9d.mp4,https://ta-lectures.s3.us-east-005.backblazeb2.com/hls/349310/srdnyy/master.m3u8,Asher,Weiss
349168,Pardes Shlomo Daily: Harav Asher Weiss - Shabbos Shira,2025-02-07,408,English,Parasha/Torah Portion,Beshalach,https://ta-lectures.s3.us-east-005.backblazeb2.com/thumbnails/audio.jpg,https://dl.torahanytime.com/mp3/349168--____01_05_2025__757d5aa0-956e-4477-9ccd-9a4da4e65a44.mp3.mp3,,,Asher,Weiss
348911,Shiur in Brazil: Seeing Miracles in Our Daily Lives,2025-02-06,1828,English,Jewish Understanding,,https://ta-lectures.s3.us-east-005.backblazeb2.com/thumbnails/348911/348911-sr9kdk.jpg,https://dl.torahanytime.com/mp3/348911--____01_04_2025__0834bad7-0948-44c2-94b5-53e6df94c71f.mp4.mp3,https://ta-lectures.s3.us-east-005.backblazeb2.com/mobileres/348911--____01_04_2025__0834bad7-0948-44c2-94b5-53e6df94c71f.mp4,https://ta-lectures.s3.us-east-005.backblazeb2.com/hls/348911/sr9kdk/master.m3u8,Asher,Weiss
348418,שיעור בברזיל: מצוות תלמוד תורה,2025-02-04,1711,Hebrew,Jewish Understanding,,https://ta-lectures.s3.us-east-005.backblazeb2.com/thumbnails/348418/348418-sr5plp.jpg,https://dl.torahanytime.com/mp3/348418--____01_02_2025__7ee578ae-6125-4858-9c13-73991adf02e1.mp4.mp3,https://ta-lectures.s3.us-east-005.backblazeb2.com/mobileres/348418--____01_02_2025__7ee578ae-6125-4858-9c13-73991adf02e1.mp4,https://ta-lectures.s3.us-east-005.backblazeb2.com/hls/348418/sr5plp/master.m3u8,Asher,Weiss
347690,Short Thought on Parshat Bo,2025-01-31,573,English,Parasha/Torah Portion,Bo,https://ta-lectures.s3.us-east-005.backblazeb2.com/thumbnails/347690/347690-sqy4pt.jpg,https://dl.torahanytime.com/mp3/347690--____00_05_2025__49d51450-4b25-440d-b9bd-979fcef0387c.mp4.mp3,https://ta-lectures.s3.us-east-005.backblazeb2.com/mobileres/347690--____00_05_2025__49d51450-4b25-440d-b9bd-979fcef0387c.mp4,https://ta-lectures.s3.us-east-005.backblazeb2.com/hls/347690/sqy4pt/master.m3u8,Asher,Weiss
347695,Parshat Bo: Kiddush Levanah,2025-01-31,2245,English,Parasha/Torah Portion,Bo,https://ta-lectures.s3.us-east-005.backblazeb2.com/thumbnails/347695/347695-sqy7ht.jpg,https://dl.torahanytime.com/mp3/347695--____00_05_2025__d7319d73-de4d-4b13-af92-b82bd285d081.mp4.mp3,https://ta-lectures.s3.us-east-005.backblazeb2.com/mobileres/347695--____00_05_2025__d7319d73-de4d-4b13-af92-b82bd285d081.mp4,https://ta-lectures.s3.us-east-005.backblazeb2.com/hls/347695/sqy7ht/master.m3u8,Asher,Weiss
347415,הלכות נדה #8 כללי הפסיקה,2025-01-30,1859,Yiddish,Halacha/Jewish Law,,https://ta-lectures.s3.us-east-005.backblazeb2.com/thumbnails/347415/347415-sqw5qh.jpg,https://dl.torahanytime.com/mp3/347415--____00_04_2025__452bd454-3772-40bb-947a-59f5ffd1a6af.mp4.mp3,https://ta-lectures.s3.us-east-005.backblazeb2.com/mobileres/347415--____00_04_2025__452bd454-3772-40bb-947a-59f5ffd1a6af.mp4,https://ta-lectures.s3.us-east-005.backblazeb2.com/hls/347415/sqw5qh/master.m3u8,Asher,Weiss
347535,מסר קצר לפרשת בא,2025-01-30,681,Hebrew,Parasha/Torah Portion,Bo,https://ta-lectures.s3.us-east-005.backblazeb2.com/thumbnails/347535/347535-sqx5bs.jpg,https://dl.torahanytime.com/mp3/347535--____00_04_2025__0edc1bc8-b883-4093-8e07-2265be58c561.mp4.mp3,https://ta-lectures.s3.us-east-005.backblazeb2.com/mobileres/347535--____00_04_2025__0edc1bc8-b883-4093-8e07-2265be58c561.mp4,https://ta-lectures.s3.us-east-005.backblazeb2.com/hls/347535/sqx5bs/master.m3u8,Asher,Weiss
347229,פרשת בא: מצוות קידוש לבנה,2025-01-29,2291,Hebrew,Parasha/Torah Portion,Bo,https://ta-lectures.s3.us-east-005.backblazeb2.com/thumbnails/347229/347229-squkra.jpg,https://dl.torahanytime.com/mp3/347229--____00_03_2025__62d03cad-3dfe-43b9-b651-1d416ce9c771.mp4.mp3,https://ta-lectures.s3.us-east-005.backblazeb2.com/mobileres/347229--____00_03_2025__62d03cad-3dfe-43b9-b651-1d416ce9c771.mp4,https://ta-lectures.s3.us-east-005.backblazeb2.com/hls/347229/squkra/master.m3u8,Asher,Weiss
346397,Parshat Vaera: The Mitzvah of Kiddush Hashem,2025-01-24,2100,English,Parasha/Torah Portion,Va'eira,https://ta-lectures.s3.us-east-005.backblazeb2.com/thumbnails/346397/346397-sql5n5.jpg,https://dl.torahanytime.com/mp3/346397--____00_05_2025__193a2dc4-9d3e-494d-a092-6d62b4abc57c.mp4.mp3,https://ta-lectures.s3.us-east-005.backblazeb2.com/mobileres/346397--____00_05_2025__193a2dc4-9d3e-494d-a092-6d62b4abc57c.mp4,https://ta-lectures.s3.us-east-005.backblazeb2.com/hls/346397/sql5n5/master.m3u8,Asher,Weiss
346242,מסר קצר לפרשת וארא,2025-01-23,534,Hebrew,Parasha/Torah Portion,Va'eira,https://ta-lectures.s3.us-east-005.backblazeb2.com/thumbnails/346242/346242-sqk7gq.jpg,https://dl.torahanytime.com/mp3/346242--____00_04_2025__6911610c-ece4-47ef-8519-af2c94b994e2.mp4.mp3,https://ta-lectures.s3.us-east-005.backblazeb2.com/mobileres/346242--____00_04_2025__6911610c-ece4-47ef-8519-af2c94b994e2.mp4,https://ta-lectures.s3.us-east-005.backblazeb2.com/hls/346242/sqk7gq/master.m3u8,Asher,Weiss
345588,הלכות נדה #7 הקדמה לדיני וסתות,2025-01-20,1816,Yiddish,Halacha/Jewish Law,,https://ta-lectures.s3.us-east-005.backblazeb2.com/thumbnails/345588/345588-sqeeaf.jpg,https://dl.torahanytime.com/mp3/345588--____00_01_2025__e71d8bd5-50ba-43bc-b65c-f6964f8b92e9.mp4.mp3,https://ta-lectures.s3.us-east-005.backblazeb2.com/mobileres/345588--____00_01_2025__e71d8bd5-50ba-43bc-b65c-f6964f8b92e9.mp4,https://ta-lectures.s3.us-east-005.backblazeb2.com/hls/345588/sqeeaf/master.m3u8,Asher,Weiss
345702,פרשת וארא: מצטער בקיום במצוות,2025-01-20,2560,Hebrew,Parasha/Torah Portion,Va'eira,https://ta-lectures.s3.us-east-005.backblazeb2.com/thumbnails/345702/345702-sqfgbs.jpg,https://dl.torahanytime.com/mp3/345702--____00_02_2025__012e15b8-920d-4643-ab65-5c987daca45c.mp4.mp3,https://ta-lectures.s3.us-east-005.backblazeb2.com/mobileres/345702--____00_02_2025__012e15b8-920d-4643-ab65-5c987daca45c.mp4,https://ta-lectures.s3.us-east-005.backblazeb2.com/hls/345702/sqfgbs/master.m3u8,Asher,Weiss
345393,Shiur at Yeshivas Mevaseret:The Mitzvah of Talmud Torah,2025-01-19,2571,English,Jewish Understanding,,https://ta-lectures.s3.us-east-005.backblazeb2.com/thumbnails/345393/345393-sqcpyc.jpg,https://dl.torahanytime.com/mp3/345393--____00_00_2025__cf0e18dd-f886-4011-9ef8-128328ac4e0f.mp4.mp3,https://ta-lectures.s3.us-east-005.backblazeb2.com/mobileres/345393--____00_00_2025__cf0e18dd-f886-4011-9ef8-128328ac4e0f.mp4,https://ta-lectures.s3.us-east-005.backblazeb2.com/hls/345393/sqcpyc/master.m3u8,Asher,Weiss
345076,Short Thought on Parshat Shemot,2025-01-17,765,English,Parasha/Torah Portion,Shemot,https://ta-lectures.s3.us-east-005.backblazeb2.com/thumbnails/345076/345076-sq88kj.jpg,https://dl.torahanytime.com/mp3/345076--____00_05_2025__1c6c77be-b55c-4c7c-a233-6b911f55a473.mp4.mp3,https://ta-lectures.s3.us-east-005.backblazeb2.com/mobileres/345076--____00_05_2025__1c6c77be-b55c-4c7c-a233-6b911f55a473.mp4,https://ta-lectures.s3.us-east-005.backblazeb2.com/hls/345076/sq88kj/master.m3u8,Asher,Weiss
345084,Parshat Shemot: The Spiritual Effect of Non-Kosher Food,2025-01-17,2514,English,Parasha/Torah Portion,Shemot,https://ta-lectures.s3.us-east-005.backblazeb2.com/thumbnails/345084/345084-sq8c4g.jpg,https://dl.torahanytime.com/mp3/345084--____00_05_2025__d7626fda-89e0-4367-a94f-ae7b5fd8af10.mp4.mp3,https://ta-lectures.s3.us-east-005.backblazeb2.com/mobileres/345084--____00_05_2025__d7626fda-89e0-4367-a94f-ae7b5fd8af10.mp4,https://ta-lectures.s3.us-east-005.backblazeb2.com/hls/345084/sq8c4g/master.m3u8,Asher,Weiss
344941,פרשת שמות: חלב נוכרי,2025-01-16,3385,Hebrew,Parasha/Torah Portion,Shemot,https://ta-lectures.s3.us-east-005.backblazeb2.com/thumbnails/344941/344941-sq7akv.jpg,https://dl.torahanytime.com/mp3/344941--____00_04_2025__9d03ac1b-93a3-4736-8a0a-a5f778f0500f.mp4.mp3,https://ta-lectures.s3.us-east-005.backblazeb2.com/mobileres/344941--____00_04_2025__9d03ac1b-93a3-4736-8a0a-a5f778f0500f.mp4,https://ta-lectures.s3.us-east-005.backblazeb2.com/hls/344941/sq7akv/master.m3u8,Asher,Weiss
344954,מסר קצר לפרשת שמות,2025-01-16,659,Hebrew,Parasha/Torah Portion,Shemot,https://ta-lectures.s3.us-east-005.backblazeb2.com/thumbnails/344954/344954-sq7d6y.jpg,https://dl.torahanytime.com/mp3/344954--____00_04_2025__ff42b695-a2f8-483d-9d06-8c4717bca860.mp4.mp3,https://ta-lectures.s3.us-east-005.backblazeb2.com/mobileres/344954--____00_04_2025__ff42b695-a2f8-483d-9d06-8c4717bca860.mp4,https://ta-lectures.s3.us-east-005.backblazeb2.com/hls/344954/sq7d6y/master.m3u8,Asher,Weiss
344561, הלכות נדה #6: חומרת רב זירא,2025-01-15,2164,Yiddish,Halacha/Jewish Law,,https://ta-lectures.s3.us-east-005.backblazeb2.com/thumbnails/344561/344561-sq4t9i.jpg,https://dl.torahanytime.com/mp3/344561--____00_03_2025__1dbca5ad-5d9c-48f1-ab97-b95a98f2bbc8.mp4.mp3,https://ta-lectures.s3.us-east-005.backblazeb2.com/mobileres/344561--____00_03_2025__1dbca5ad-5d9c-48f1-ab97-b95a98f2bbc8.mp4,https://ta-lectures.s3.us-east-005.backblazeb2.com/hls/344561/sq4t9i/master.m3u8,Asher,Weiss
343635,Asara B'Tevet on Erev Shabbos,2025-01-10,1439,English,Holidays,Fast of the 10th of Tevet,https://ta-lectures.s3.us-east-005.backblazeb2.com/thumbnails/343635/343635-spv8up.jpg,https://dl.torahanytime.com/mp3/343635--____00_05_2025__37bea82d-3f03-4a2d-b2d6-8b700ceb9cf9.mp4.mp3,https://ta-lectures.s3.us-east-005.backblazeb2.com/mobileres/343635--____00_05_2025__37bea82d-3f03-4a2d-b2d6-8b700ceb9cf9.mp4,https://ta-lectures.s3.us-east-005.backblazeb2.com/hls/343635/spv8up/master.m3u8,Asher,Weiss
343497,מסר קצר לפרשת ויחי,2025-01-09,562,Hebrew,Parasha/Torah Portion,Vayechi,https://ta-lectures.s3.us-east-005.backblazeb2.com/thumbnails/343497/343497-spu9z9.jpg,https://dl.torahanytime.com/mp3/343497--____00_04_2025__1d7b9370-395f-4171-b329-ff169263fe54.mp4.mp3,https://ta-lectures.s3.us-east-005.backblazeb2.com/mobileres/343497--____00_04_2025__1d7b9370-395f-4171-b329-ff169263fe54.mp4,https://ta-lectures.s3.us-east-005.backblazeb2.com/hls/343497/spu9z9/master.m3u8,Asher,Weiss
343098,עשרה בטבת שחל בערב שבת,2025-01-08,3046,Hebrew,Holidays,Fast of the 10th of Tevet,https://ta-lectures.s3.us-east-005.backblazeb2.com/thumbnails/343098/343098.jpg,https://dl.torahanytime.com/mp3/343098--____00_03_2025__88b1902a-d984-4298-a35e-786ee8e8bac1.mp4.mp3,https://ta-lectures.s3.us-east-005.backblazeb2.com/mobileres/343098--____00_03_2025__88b1902a-d984-4298-a35e-786ee8e8bac1.mp4,https://ta-lectures.s3.us-east-005.backblazeb2.com/hls/343098/spregn/master.m3u8,Asher,Weiss
342709,שיעור בלונדון: איפה להדליק נר חנוכה (יידיש),2025-01-06,2413,Yiddish,Holidays,Chanukah,https://ta-lectures.s3.us-east-005.backblazeb2.com/thumbnails/342709/342709.jpg,https://dl.torahanytime.com/mp3/342709--____00_01_2025__924a0c9c-2377-463a-b00f-69dc9ca52740.mp4.mp3,https://ta-lectures.s3.us-east-005.backblazeb2.com/mobileres/342709--____00_01_2025__924a0c9c-2377-463a-b00f-69dc9ca52740.mp4,https://ta-lectures.s3.us-east-005.backblazeb2.com/hls/342709/spoh8u/master.m3u8,Asher,Weiss
342203,Short Thought on Parshat Vayigash,2025-01-03,789,English,Parasha/Torah Portion,Vayigash,https://ta-lectures.s3.us-east-005.backblazeb2.com/thumbnails/342203/342203.jpg,https://dl.torahanytime.com/mp3/342203--____00_05_2025__baab2bc6-dd09-41f6-be1a-85ba821bf8f4.mp4.mp3,https://ta-lectures.s3.us-east-005.backblazeb2.com/mobileres/342203--____00_05_2025__baab2bc6-dd09-41f6-be1a-85ba821bf8f4.mp4,https://ta-lectures.s3.us-east-005.backblazeb2.com/hls/342203/spidw8/master.m3u8,Asher,Weiss
342206,Ma'aris Ayin and Chashda,2025-01-03,2790,English,Jewish Understanding,,https://ta-lectures.s3.us-east-005.backblazeb2.com/thumbnails/342206/342206.jpg,https://dl.torahanytime.com/mp3/342206--____00_05_2025__fb9a7b1b-136b-4725-9f35-4215c94cb17b.mp4.mp3,https://ta-lectures.s3.us-east-005.backblazeb2.com/mobileres/342206--____00_05_2025__fb9a7b1b-136b-4725-9f35-4215c94cb17b.mp4,https://ta-lectures.s3.us-east-005.backblazeb2.com/hls/342206/spiei3/master.m3u8,Asher,Weiss
342062,מסר קצר לפרשת ויגש,2025-01-02,1112,Hebrew,Parasha/Torah Portion,Vayigash,https://ta-lectures.s3.us-east-005.backblazeb2.com/thumbnails/342062/342062.jpg,https://dl.torahanytime.com/mp3/342062--____00_04_2025__78f416ce-f4c0-43bf-b999-19b360123376.mp4.mp3,https://ta-lectures.s3.us-east-005.backblazeb2.com/mobileres/342062--____00_04_2025__78f416ce-f4c0-43bf-b999-19b360123376.mp4,https://ta-lectures.s3.us-east-005.backblazeb2.com/hls/342062/sphcsn/master.m3u8,Asher,Weiss
341792,Short Thought on Chanukah,2025-01-01,648,English,Holidays,Chanukah,https://ta-lectures.s3.us-east-005.backblazeb2.com/thumbnails/341792/341792.jpg,https://dl.torahanytime.com/mp3/341792--____00_03_2025__c7bf07fd-de44-41fc-9cc9-03419cca7f86.mp4.mp3,https://ta-lectures.s3.us-east-005.backblazeb2.com/mobileres/341792--____00_03_2025__c7bf07fd-de44-41fc-9cc9-03419cca7f86.mp4,https://ta-lectures.s3.us-east-005.backblazeb2.com/hls/341792/spfh91/master.m3u8,Asher,Weiss
341429, הדלקת נר חנוכה של חשדה,2024-12-31,3169,Hebrew,Holidays,Chanukah,https://ta-lectures.s3.us-east-005.backblazeb2.com/thumbnails/341429/341429.jpg,https://dl.torahanytime.com/mp3/341429--____11_02_2024__5c9c27ae-b976-42e1-9320-c42b9132b4d3.mp4.mp3,https://ta-lectures.s3.us-east-005.backblazeb2.com/mobileres/341429--____11_02_2024__5c9c27ae-b976-42e1-9320-c42b9132b4d3.mp4,https://ta-lectures.s3.us-east-005.backblazeb2.com/hls/341429/spcjrh/master.m3u8,Asher,Weiss
340884,Pardes Shlomo Daily: Harav Asher Weiss - The Ikkur of Chanuka,2024-12-27,416,English,Holidays,Chanukah,https://ta-lectures.s3.us-east-005.backblazeb2.com/thumbnails/340884/340884-sqk1gf.jpg,https://dl.torahanytime.com/mp3/340884--____11_05_2024__aab0a931-cce0-43b9-a91c-2714302fee2e.mp3.mp3,,,Asher,Weiss
340889,Short Thought on Chanukah,2024-12-27,1004,English,Holidays,Chanukah,https://ta-lectures.s3.us-east-005.backblazeb2.com/thumbnails/340889/340889.jpg,https://dl.torahanytime.com/mp3/340889--____11_05_2024__3f3380d8-cb24-42a0-8f6c-671872b915a0.mp4.mp3,https://ta-lectures.s3.us-east-005.backblazeb2.com/mobileres/340889--____11_05_2024__3f3380d8-cb24-42a0-8f6c-671872b915a0.mp4,https://ta-lectures.s3.us-east-005.backblazeb2.com/hls/340889/sp5cwt/master.m3u8,Asher,Weiss
340901,The Zman to Light Ner Chanukah,2024-12-27,2351,English,Holidays,Chanukah,https://ta-lectures.s3.us-east-005.backblazeb2.com/thumbnails/340901/340901.jpg,https://dl.torahanytime.com/mp3/340901--____11_05_2024__15f7d898-c97c-40b5-86da-10aaea165fd3.mp4.mp3,https://ta-lectures.s3.us-east-005.backblazeb2.com/mobileres/340901--____11_05_2024__15f7d898-c97c-40b5-86da-10aaea165fd3.mp4,https://ta-lectures.s3.us-east-005.backblazeb2.com/hls/340901/sp5hs0/master.m3u8,Asher,Weiss
340711,The Light of Chanukah,2024-12-26,181,English,Holidays,Chanukah,https://ta-lectures.s3.us-east-005.backblazeb2.com/thumbnails/340711/340711.jpg,https://dl.torahanytime.com/mp3/340711--____11_04_2024__40e0f88c-f978-4d06-adcb-f1a40911ddfc.mp4.mp3,https://ta-lectures.s3.us-east-005.backblazeb2.com/mobileres/340711--____11_04_2024__40e0f88c-f978-4d06-adcb-f1a40911ddfc.mp4,https://ta-lectures.s3.us-east-005.backblazeb2.com/hls/340711/sp3yup/master.m3u8,Asher,Weiss
340773,מסר קצר לימי החנוכה,2024-12-26,659,Hebrew,Holidays,Chanukah,https://ta-lectures.s3.us-east-005.backblazeb2.com/thumbnails/340773/340773.jpg,https://dl.torahanytime.com/mp3/340773--____11_04_2024__9fe0f382-bdde-4dc6-a271-ad44add8efd0.mp4.mp3,https://ta-lectures.s3.us-east-005.backblazeb2.com/mobileres/340773--____11_04_2024__9fe0f382-bdde-4dc6-a271-ad44add8efd0.mp4,https://ta-lectures.s3.us-east-005.backblazeb2.com/hls/340773/sp4fm9/master.m3u8,Asher,Weiss
340459,הלכות נדה #5 ימים נבוכים,2024-12-25,2511,Yiddish,Halacha/Jewish Law,,https://ta-lectures.s3.us-east-005.backblazeb2.com/thumbnails/340459/340459.jpg,https://dl.torahanytime.com/mp3/340459--____11_03_2024__4b1c7e85-af62-44a2-85ee-171e8df02ea8.mp4.mp3,https://ta-lectures.s3.us-east-005.backblazeb2.com/mobileres/340459--____11_03_2024__4b1c7e85-af62-44a2-85ee-171e8df02ea8.mp4,https://ta-lectures.s3.us-east-005.backblazeb2.com/hls/340459/sp2aqf/master.m3u8,Asher,Weiss
340164,זמן הדלקת נר חנוכה,2024-12-24,2955,Hebrew,Holidays,Chanukah,https://ta-lectures.s3.us-east-005.backblazeb2.com/thumbnails/340164/340164.jpg,https://dl.torahanytime.com/mp3/340164--____11_02_2024__dbc9b3ef-d6ea-4462-a33d-a4e23b499c58.mp4.mp3,https://ta-lectures.s3.us-east-005.backblazeb2.com/mobileres/340164--____11_02_2024__dbc9b3ef-d6ea-4462-a33d-a4e23b499c58.mp4,https://ta-lectures.s3.us-east-005.backblazeb2.com/hls/340164/sp0c86/master.m3u8,Asher,Weiss
340216,Shiur in London: Where to Light Ner Chanukah,2024-12-24,2281,English,Holidays,Chanukah,https://ta-lectures.s3.us-east-005.backblazeb2.com/thumbnails/340216/340216.jpg,https://dl.torahanytime.com/mp3/340216--____11_02_2024__d9fbf68d-418b-430b-8473-6a65f9c2bc3b.mp4.mp3,https://ta-lectures.s3.us-east-005.backblazeb2.com/mobileres/340216--____11_02_2024__d9fbf68d-418b-430b-8473-6a65f9c2bc3b.mp4,https://ta-lectures.s3.us-east-005.backblazeb2.com/hls/340216/sp0jvl/master.m3u8,Asher,Weiss
339636,Short Thought on Chanukah,2024-12-21,1182,English,Holidays,Chanukah,https://ta-lectures.s3.us-east-005.backblazeb2.com/thumbnails/339636/339636.jpg,https://dl.torahanytime.com/mp3/339636--____11_06_2024__9254dd09-440e-4008-b418-1ab7e25d8ee4.mp4.mp3,https://ta-lectures.s3.us-east-005.backblazeb2.com/mobileres/339636--____11_06_2024__9254dd09-440e-4008-b418-1ab7e25d8ee4.mp4,https://ta-lectures.s3.us-east-005.backblazeb2.com/hls/339636/soutt2/master.m3u8,Asher,Weiss
339477,Chanukah: Ner Ish U'veiso,2024-12-20,2842,English,Holidays,Chanukah,https://ta-lectures.s3.us-east-005.backblazeb2.com/thumbnails/339477/339477.jpg,https://dl.torahanytime.com/mp3/339477--____11_05_2024__a0bb1f0d-99e1-4e7c-8a93-9d871d8070d2.mp4.mp3,https://ta-lectures.s3.us-east-005.backblazeb2.com/mobileres/339477--____11_05_2024__a0bb1f0d-99e1-4e7c-8a93-9d871d8070d2.mp4,https://ta-lectures.s3.us-east-005.backblazeb2.com/hls/339477/sosebv/master.m3u8,Asher,Weiss
339379,מסר קצר לימי החנוכה,2024-12-19,731,Hebrew,Holidays,Chanukah,https://ta-lectures.s3.us-east-005.backblazeb2.com/thumbnails/339379/339379.jpg,https://dl.torahanytime.com/mp3/339379--____11_04_2024__30616601-87e0-4d74-8d34-1a2aac70c07e.mp4.mp3,https://ta-lectures.s3.us-east-005.backblazeb2.com/mobileres/339379--____11_04_2024__30616601-87e0-4d74-8d34-1a2aac70c07e.mp4,https://ta-lectures.s3.us-east-005.backblazeb2.com/hls/339379/sorguy/master.m3u8,Asher,Weiss
339441,חנוכה: נר איש וביתו,2024-12-19,3517,Hebrew,Holidays,Chanukah,https://ta-lectures.s3.us-east-005.backblazeb2.com/thumbnails/339441/339441.jpg,https://dl.torahanytime.com/mp3/339441--____11_05_2024__0de9de4f-c353-4338-a361-4264c54fa721.mp4.mp3,https://ta-lectures.s3.us-east-005.backblazeb2.com/mobileres/339441--____11_05_2024__0de9de4f-c353-4338-a361-4264c54fa721.mp4,https://ta-lectures.s3.us-east-005.backblazeb2.com/hls/339441/sos0gw/master.m3u8,Asher,Weiss
338557,Shiur in London: Bracha on Ner Chanuka of חשדה,2024-12-16,2621,English,Holidays,Chanukah,https://ta-lectures.s3.us-east-005.backblazeb2.com/thumbnails/338557/338557.jpg,https://dl.torahanytime.com/mp3/338557--____11_01_2024__5d26cbce-7f8a-4f2b-9a25-21d9090b2346.mp4.mp3,https://ta-lectures.s3.us-east-005.backblazeb2.com/mobileres/338557--____11_01_2024__5d26cbce-7f8a-4f2b-9a25-21d9090b2346.mp4,https://ta-lectures.s3.us-east-005.backblazeb2.com/hls/338557/soltw7/master.m3u8,Asher,Weiss
336681,Pardes Shlomo Daily: Harav Asher Weiss - Parshas Vayeitzei,2024-12-06,458,English,Parasha/Torah Portion,Vayetzei,https://ta-lectures.s3.us-east-005.backblazeb2.com/thumbnails/336681/336681-sqk17d.jpg,https://dl.torahanytime.com/mp3/336681--____11_05_2024__f82f4cce-3d19-43a3-9b96-7d4cb9497e46.mp3.mp3,,,Asher,Weiss
336560,Shiur in Passaic: Chanukah and the Jewish Survival  ,2024-12-05,2738,English,Holidays,Chanukah,https://ta-lectures.s3.us-east-005.backblazeb2.com/thumbnails/336560/336560.jpg,https://dl.torahanytime.com/mp3/336560--____11_04_2024__f1a8156a-8df5-4d33-b262-1b2d0406467e.mp4.mp3,https://ta-lectures.s3.us-east-005.backblazeb2.com/mobileres/336560--____11_04_2024__f1a8156a-8df5-4d33-b262-1b2d0406467e.mp4,https://ta-tusd.nyc3.digitaloceanspaces.com/hls/336560/so1j2k/master.m3u8,Asher,Weiss
336124,Shiur in Lakewood on the Topic of קולא וחומרא,2024-12-04,2566,English,Halacha/Jewish Law,,https://ta-lectures.s3.us-east-005.backblazeb2.com/thumbnails/336124/336124.jpg,https://dl.torahanytime.com/mp3/336124--____11_03_2024__3e34fa62-2a9d-4110-92df-b951d54d46ff.mp4.mp3,https://ta-lectures.s3.us-east-005.backblazeb2.com/mobileres/336124--____11_03_2024__3e34fa62-2a9d-4110-92df-b951d54d46ff.mp4,https://ta-tusd.nyc3.digitaloceanspaces.com/hls/336124/snycax/master.m3u8,Asher,Weiss
335936,Shiur in Kollel Mechanchim of Lakewood on the Topic of עבורי אחסנתא,2024-12-03,2793,English,Halacha/Jewish Law,,https://ta-lectures.s3.us-east-005.backblazeb2.com/thumbnails/335936/335936.jpg,https://dl.torahanytime.com/mp3/335936--____11_02_2024__570791c9-75dd-434c-bec7-a38c760b49b7.mp4.mp3,https://ta-lectures.s3.us-east-005.backblazeb2.com/mobileres/335936--____11_02_2024__570791c9-75dd-434c-bec7-a38c760b49b7.mp4,https://ta-tusd.nyc3.digitaloceanspaces.com/hls/335936/snx7bn/master.m3u8,Asher,Weiss
335284,Pardes Shlomo Daily: Rav Asher Weiss - Parshas Toldos,2024-11-29,332,English,Parasha/Torah Portion,Toldot,https://ta-lectures.s3.us-east-005.backblazeb2.com/thumbnails/335284/335284-sqk14f.jpg,https://dl.torahanytime.com/mp3/335284--____10_05_2024__9fc2b401-bb7a-4383-93bd-d09f5faf1773.mp3.mp3,,,Asher,Weiss
335285,Short Thought on Parshat Toldot,2024-11-29,564,English,Parasha/Torah Portion,Toldot,https://ta-lectures.s3.us-east-005.backblazeb2.com/thumbnails/335285/335285.jpg,https://dl.torahanytime.com/mp3/335285--____10_05_2024__af710f44-a035-47d0-a78b-e80e14b18e76.mp4.mp3,https://ta-lectures.s3.us-east-005.backblazeb2.com/mobileres/335285--____10_05_2024__af710f44-a035-47d0-a78b-e80e14b18e76.mp4,https://ta-tusd.nyc3.digitaloceanspaces.com/hls/335285/snpgrq/master.m3u8,Asher,Weiss
335292,Parshat Toldot: The Shechitah of a Mumar,2024-11-29,2350,English,Parasha/Torah Portion,Toldot,https://ta-lectures.s3.us-east-005.backblazeb2.com/thumbnails/335292/335292.jpg,https://dl.torahanytime.com/mp3/335292--____10_05_2024__eb99aa40-3a7b-4ef8-959e-03685b11778f.mp4.mp3,https://ta-lectures.s3.us-east-005.backblazeb2.com/mobileres/335292--____10_05_2024__eb99aa40-3a7b-4ef8-959e-03685b11778f.mp4,https://ta-tusd.nyc3.digitaloceanspaces.com/hls/335292/snpkdt/master.m3u8,Asher,Weiss
335154,מסר קצר לפרשת תולדות,2024-11-28,499,Hebrew,Parasha/Torah Portion,Toldot,https://ta-lectures.s3.us-east-005.backblazeb2.com/thumbnails/335154/335154.jpg,https://dl.torahanytime.com/mp3/335154--____10_04_2024__6dd964e7-39fd-421a-a285-b2c801c130d4.mp4.mp3,https://ta-lectures.s3.us-east-005.backblazeb2.com/mobileres/335154--____10_04_2024__6dd964e7-39fd-421a-a285-b2c801c130d4.mp4,https://ta-tusd.nyc3.digitaloceanspaces.com/hls/335154/snoiey/master.m3u8,Asher,Weiss
334499,הלכות נדה #4 חומרא וקולא בהלכות נדה ובאיסור והיתר,2024-11-26,2445,Yiddish,Halacha/Jewish Law,,https://ta-lectures.s3.us-east-005.backblazeb2.com/thumbnails/334499/334499.jpg,https://dl.torahanytime.com/mp3/334499--____10_02_2024__025a57f5-3a88-4c54-9281-ce419925d2a3.mp4.mp3,https://ta-lectures.s3.us-east-005.backblazeb2.com/mobileres/334499--____10_02_2024__025a57f5-3a88-4c54-9281-ce419925d2a3.mp4,https://ta-tusd.nyc3.digitaloceanspaces.com/hls/334499/snjvmy/master.m3u8,Asher,Weiss
334498,פרשת תולדות: שחיטת מומר פתו ובישולו,2024-11-26,2949,Hebrew,Parasha/Torah Portion,Toldot,https://ta-lectures.s3.us-east-005.backblazeb2.com/thumbnails/334498/334498.jpg,https://dl.torahanytime.com/mp3/334498--____10_02_2024__5dd11540-57dc-4529-87e8-a172c5836626.mp4.mp3,https://ta-lectures.s3.us-east-005.backblazeb2.com/mobileres/334498--____10_02_2024__5dd11540-57dc-4529-87e8-a172c5836626.mp4,https://ta-tusd.nyc3.digitaloceanspaces.com/hls/334498/snjvl6/master.m3u8,Asher,Weiss
333801,Short Thought on Parshat Chayei Sarah & Memories of My Late Mother A''H,2024-11-22,980,English,Parasha/Torah Portion,Chayei Sarah,https://ta-lectures.s3.us-east-005.backblazeb2.com/thumbnails/333801/333801.jpg,https://dl.torahanytime.com/mp3/333801--____10_05_2024__51d42705-fc26-41ed-bae6-a079f73ea6ec.mp4.mp3,https://ta-lectures.s3.us-east-005.backblazeb2.com/mobileres/333801--____10_05_2024__51d42705-fc26-41ed-bae6-a079f73ea6ec.mp4,https://ta-tusd.nyc3.digitaloceanspaces.com/hls/333801/snci8m/master.m3u8,Asher,Weiss
333807,Parshat Chayei Sarah: The Prohibition of Eating before Feeding Your Animals,2024-11-22,2681,English,Parasha/Torah Portion,Chayei Sarah,https://ta-lectures.s3.us-east-005.backblazeb2.com/thumbnails/333807/333807.jpg,https://dl.torahanytime.com/mp3/333807--____10_05_2024__e2cad76a-babc-4356-b9b2-94ab575deacd.mp4.mp3,https://ta-lectures.s3.us-east-005.backblazeb2.com/mobileres/333807--____10_05_2024__e2cad76a-babc-4356-b9b2-94ab575deacd.mp4,https://ta-tusd.nyc3.digitaloceanspaces.com/hls/333807/snclz1/master.m3u8,Asher,Weiss
333648,דברי זכרון לאמה של מלכות,2024-11-21,424,Hebrew,Eulogies/Hespedim,,https://ta-lectures.s3.us-east-005.backblazeb2.com/thumbnails/333648/333648.jpg,https://dl.torahanytime.com/mp3/333648--____10_04_2024__7ad30719-d038-4f43-ba35-01c9560893f2.mp4.mp3,https://ta-lectures.s3.us-east-005.backblazeb2.com/mobileres/333648--____10_04_2024__7ad30719-d038-4f43-ba35-01c9560893f2.mp4,https://ta-tusd.nyc3.digitaloceanspaces.com/hls/333648/snbj9f/master.m3u8,Asher,Weiss
333250,הלכות נידה #3: פרישה סמוך לווסת - עונת אור זרוע,2024-11-20,2434,Yiddish,Halacha/Jewish Law,,https://ta-lectures.s3.us-east-005.backblazeb2.com/thumbnails/333250/333250.jpg,https://dl.torahanytime.com/mp3/333250--____10_03_2024__8be4adad-f0b4-40d9-8e88-5ca2b3deb634.mp4.mp3,https://ta-lectures.s3.us-east-005.backblazeb2.com/mobileres/333250--____10_03_2024__8be4adad-f0b4-40d9-8e88-5ca2b3deb634.mp4,https://ta-tusd.nyc3.digitaloceanspaces.com/hls/333250/sn90td/master.m3u8,Asher,Weiss
332933,פרשת חיי שרה: איסור אכילה לפני אכילת בהמתו,2024-11-19,2720,Hebrew,Parasha/Torah Portion,Chayei Sarah,https://ta-lectures.s3.us-east-005.backblazeb2.com/thumbnails/332933/332933.jpg,https://dl.torahanytime.com/mp3/332933--____10_02_2024__766e8019-bf9d-4500-a6f9-633f18ece8a3.mp4.mp3,https://ta-lectures.s3.us-east-005.backblazeb2.com/mobileres/332933--____10_02_2024__766e8019-bf9d-4500-a6f9-633f18ece8a3.mp4,https://ta-tusd.nyc3.digitaloceanspaces.com/hls/332933/sn6so9/master.m3u8,Asher,Weiss
332843, דברי זכרון לאימי מורתי לכבוד היארצייט השלישי ,2024-11-17,591,Hebrew,Eulogies/Hespedim,,https://ta-lectures.s3.us-east-005.backblazeb2.com/thumbnails/332843/332843.jpg,https://dl.torahanytime.com/mp3/332843--____10_01_2024__fd16c55b-eb39-41d1-895d-940cf722896f.mp4.mp3,https://ta-lectures.s3.us-east-005.backblazeb2.com/mobileres/332843--____10_01_2024__fd16c55b-eb39-41d1-895d-940cf722896f.mp4,https://ta-tusd.nyc3.digitaloceanspaces.com/hls/332843/sn5yhu/master.m3u8,Asher,Weiss
332255,Parshat Vayeira: Z'rizin Makdimin L'Mitzvos,2024-11-15,2331,English,Parasha/Torah Portion,Vayeira,https://ta-lectures.s3.us-east-005.backblazeb2.com/thumbnails/332255/332255.jpg,https://dl.torahanytime.com/mp3/332255--____10_05_2024__16bb0017-d099-476a-805b-12900d8bd18a.mp4.mp3,https://ta-lectures.s3.us-east-005.backblazeb2.com/mobileres/332255--____10_05_2024__16bb0017-d099-476a-805b-12900d8bd18a.mp4,https://ta-tusd.nyc3.digitaloceanspaces.com/hls/332255/smzmct/master.m3u8,Asher,Weiss
332265,Short Thought Parshat Vayeira,2024-11-15,619,English,Parasha/Torah Portion,Vayeira,https://ta-lectures.s3.us-east-005.backblazeb2.com/thumbnails/332265/332265.jpg,https://dl.torahanytime.com/mp3/332265--____10_05_2024__635cac25-3ca8-4dce-87bd-3e507c67ca89.mp4.mp3,https://ta-lectures.s3.us-east-005.backblazeb2.com/mobileres/332265--____10_05_2024__635cac25-3ca8-4dce-87bd-3e507c67ca89.mp4,https://ta-tusd.nyc3.digitaloceanspaces.com/hls/332265/smzp8z/master.m3u8,Asher,Weiss
332288,מסר קצר לפרשת וירא,2024-11-15,649,Hebrew,Parasha/Torah Portion,Vayeira,https://ta-lectures.s3.us-east-005.backblazeb2.com/thumbnails/332288/332288.jpg,https://dl.torahanytime.com/mp3/332288--____10_05_2024__ff18f200-ba7b-49d7-8da5-15d6316a1dd6.mp4.mp3,https://ta-lectures.s3.us-east-005.backblazeb2.com/mobileres/332288--____10_05_2024__ff18f200-ba7b-49d7-8da5-15d6316a1dd6.mp4,https://ta-tusd.nyc3.digitaloceanspaces.com/hls/332288/smztcg/master.m3u8,Asher,Weiss
331964,Pardes Shlomo Daily: R' Asher Weiss - Parshas Vayeira,2024-11-14,532,English,Parasha/Torah Portion,Vayeira,https://ta-lectures.s3.us-east-005.backblazeb2.com/thumbnails/331964/331964-sqk0xj.jpg,https://dl.torahanytime.com/mp3/331964--____10_04_2024__d3ccfe33-4b58-41ad-8a1f-d4c4b825f2b2.mp3.mp3,,,Asher,Weiss
331804,פתיחה להלכות נידה,2024-11-13,2565,Yiddish,Halacha/Jewish Law,,https://ta-lectures.s3.us-east-005.backblazeb2.com/thumbnails/331804/331804.jpg,https://dl.torahanytime.com/mp3/331804--____10_03_2024__931b8dd5-cd3a-40ce-8ae7-f1e80102bc2d.mp4.mp3,https://ta-lectures.s3.us-east-005.backblazeb2.com/mobileres/331804--____10_03_2024__931b8dd5-cd3a-40ce-8ae7-f1e80102bc2d.mp4,https://ta-tusd.nyc3.digitaloceanspaces.com/hls/331804/smwli8/master.m3u8,Asher,Weiss
331807,הלכות נידה #2: גדר הרגשה בדם נדה,2024-11-13,2457,Yiddish,Halacha/Jewish Law,,https://ta-lectures.s3.us-east-005.backblazeb2.com/thumbnails/331807/331807.jpg,https://dl.torahanytime.com/mp3/331807--____10_03_2024__341f8ce1-f38b-46ed-a6e3-bd7ec564efef.mp4.mp3,https://ta-lectures.s3.us-east-005.backblazeb2.com/mobileres/331807--____10_03_2024__341f8ce1-f38b-46ed-a6e3-bd7ec564efef.mp4,https://ta-tusd.nyc3.digitaloceanspaces.com/hls/331807/smwm2f/master.m3u8,Asher,Weiss
331485,פרשת וירא: זריזין מקדימין למצוות,2024-11-12,3173,Hebrew,Parasha/Torah Portion,Vayeira,https://ta-lectures.s3.us-east-005.backblazeb2.com/thumbnails/331485/331485.jpg,https://dl.torahanytime.com/mp3/331485--____10_02_2024__dc1151c4-4702-46e0-8181-cd1d263d62eb.mp4.mp3,https://ta-lectures.s3.us-east-005.backblazeb2.com/mobileres/331485--____10_02_2024__dc1151c4-4702-46e0-8181-cd1d263d62eb.mp4,https://ta-tusd.nyc3.digitaloceanspaces.com/hls/331485/smtp50/master.m3u8,Asher,Weiss
330891,Parshat Lech Lecha: The Definition of Mitzvas Millah,2024-11-08,2474,English,Parasha/Torah Portion,Lech Lecha,https://ta-lectures.s3.us-east-005.backblazeb2.com/thumbnails/330891/330891.jpg,https://dl.torahanytime.com/mp3/330891--____10_05_2024__b46cc369-c7b5-4b51-9802-d9f892ba5e0a.mp4.mp3,https://ta-lectures.s3.us-east-005.backblazeb2.com/mobileres/330891--____10_05_2024__b46cc369-c7b5-4b51-9802-d9f892ba5e0a.mp4,https://ta-tusd.nyc3.digitaloceanspaces.com/hls/330891/master.m3u8,Asher,Weiss
330894,Short Thought on Parshat Lech Lecha,2024-11-08,867,English,Parasha/Torah Portion,Lech Lecha,https://ta-lectures.s3.us-east-005.backblazeb2.com/thumbnails/330894/330894.jpg,https://dl.torahanytime.com/mp3/330894--____10_05_2024__4344aba0-54a6-41d3-bb3b-5cb55ba0208e.mp4.mp3,https://ta-lectures.s3.us-east-005.backblazeb2.com/mobileres/330894--____10_05_2024__4344aba0-54a6-41d3-bb3b-5cb55ba0208e.mp4,https://ta-tusd.nyc3.digitaloceanspaces.com/hls/330894/master.m3u8,Asher,Weiss
330760,מסר קצר לפרשת לך לך,2024-11-07,716,Hebrew,Parasha/Torah Portion,Lech Lecha,https://ta-lectures.s3.us-east-005.backblazeb2.com/thumbnails/330760/330760.jpg,https://dl.torahanytime.com/mp3/330760--____10_04_2024__e0a348c2-2514-4c4a-a262-7418301cd53b.mp4.mp3,https://ta-lectures.s3.us-east-005.backblazeb2.com/mobileres/330760--____10_04_2024__e0a348c2-2514-4c4a-a262-7418301cd53b.mp4,https://ta-tusd.nyc3.digitaloceanspaces.com/hls/330760/master.m3u8,Asher,Weiss
330201,פרשת לך לך: חובת היחיד במצוות הציבור,2024-11-05,3274,Hebrew,Parasha/Torah Portion,Lech Lecha,https://ta-lectures.s3.us-east-005.backblazeb2.com/thumbnails/330201/330201.jpg,https://dl.torahanytime.com/mp3/330201--____10_02_2024__5760673b-ef7a-4aed-a02c-69985aa78ce2.mp4.mp3,https://ta-lectures.s3.us-east-005.backblazeb2.com/mobileres/330201--____10_02_2024__5760673b-ef7a-4aed-a02c-69985aa78ce2.mp4,,Asher,Weiss
329403,פרשת נח: זמן מצוות פריה ורביה,2024-10-31,2857,Hebrew,Parasha/Torah Portion,Noach,https://ta-lectures.s3.us-east-005.backblazeb2.com/thumbnails/329403/329403.jpg,https://dl.torahanytime.com/mp3/329403--____09_04_2024__16bcb239-d901-4a11-81b0-e2fecae49733.mp4.mp3,https://ta-lectures.s3.us-east-005.backblazeb2.com/mobileres/329403--____09_04_2024__16bcb239-d901-4a11-81b0-e2fecae49733.mp4,,Asher,Weiss
329405,מסר קצר לפרשת נח,2024-10-31,452,Hebrew,Parasha/Torah Portion,Noach,https://ta-lectures.s3.us-east-005.backblazeb2.com/thumbnails/329405/329405.jpg,https://dl.torahanytime.com/mp3/329405--____09_04_2024__60cee807-76a0-4771-a533-eaab6179ba31.mp4.mp3,https://ta-lectures.s3.us-east-005.backblazeb2.com/mobileres/329405--____09_04_2024__60cee807-76a0-4771-a533-eaab6179ba31.mp4,,Asher,Weiss
328317,Hashanah Rabbah: The Culmination of Yamin Nora'im,2024-10-23,1743,English,Holidays,Hoshana Raba,https://ta-lectures.s3.us-east-005.backblazeb2.com/thumbnails/328317/328317.jpg,https://dl.torahanytime.com/mp3/328317--____09_03_2024__0a28e08e-0d2d-4df7-bbd8-38a4c51a2433.mp4.mp3,https://ta-lectures.s3.us-east-005.backblazeb2.com/mobileres/328317--____09_03_2024__0a28e08e-0d2d-4df7-bbd8-38a4c51a2433.mp4,,Asher,Weiss
328337,ערבות במצוות,2024-10-23,2659,Hebrew,Jewish Understanding,,https://ta-lectures.s3.us-east-005.backblazeb2.com/thumbnails/328337/328337.jpg,https://dl.torahanytime.com/mp3/328337--____09_03_2024__57caff68-9fe1-49b3-aeaa-9d7c98bbe2f6.mp4.mp3,https://ta-lectures.s3.us-east-005.backblazeb2.com/mobileres/328337--____09_03_2024__57caff68-9fe1-49b3-aeaa-9d7c98bbe2f6.mp4,,Asher,Weiss
327789,סוכות: למען ידעו דורותיכם,2024-10-19,2792,Hebrew,Holidays,Sukkot,https://ta-lectures.s3.us-east-005.backblazeb2.com/thumbnails/327789/327789.jpg,https://dl.torahanytime.com/mp3/327789--____09_06_2024__3313878e-87b5-4125-a077-9fb7099a27e3.mp4.mp3,https://ta-lectures.s3.us-east-005.backblazeb2.com/mobileres/327789--____09_06_2024__3313878e-87b5-4125-a077-9fb7099a27e3.mp4,,Asher,Weiss
327788,מסר קצר לימי חג הסוכות וענייני דיומא,2024-10-18,405,Hebrew,Holidays,Sukkot,https://ta-lectures.s3.us-east-005.backblazeb2.com/thumbnails/327788/327788.jpg,https://dl.torahanytime.com/mp3/327788--____09_05_2024__19e53901-5f3a-4daf-8dda-3b359aa5229c.mp4.mp3,https://ta-lectures.s3.us-east-005.backblazeb2.com/mobileres/327788--____09_05_2024__19e53901-5f3a-4daf-8dda-3b359aa5229c.mp4,,Asher,Weiss
327402,סוכות: נטילת לולב ביד מלאכותית,2024-10-15,3096,Hebrew,Holidays,Sukkot,https://ta-lectures.s3.us-east-005.backblazeb2.com/thumbnails/327402/327402.jpg,https://dl.torahanytime.com/mp3/327402--____09_02_2024__3264e15d-5892-4a36-be88-ae5df70fc1b9.mp4.mp3,https://ta-lectures.s3.us-east-005.backblazeb2.com/mobileres/327402--____09_02_2024__3264e15d-5892-4a36-be88-ae5df70fc1b9.mp4,,Asher,Weiss
327549,מסר קצר לחג הסוכות,2024-10-15,510,Hebrew,Holidays,Sukkot,https://ta-lectures.s3.us-east-005.backblazeb2.com/thumbnails/327549/327549.jpg,https://dl.torahanytime.com/mp3/327549--____09_02_2024__87844a6a-cc69-48d6-90e7-852599bc4219.mp4.mp3,https://ta-lectures.s3.us-east-005.backblazeb2.com/mobileres/327549--____09_02_2024__87844a6a-cc69-48d6-90e7-852599bc4219.mp4,,Asher,Weiss
327054,קושיקל בסוכות: אגד הלולב והידור מצווה ,2024-10-13,3137,Hebrew,Holidays,Sukkot,https://ta-lectures.s3.us-east-005.backblazeb2.com/thumbnails/327054/327054.jpg,https://dl.torahanytime.com/mp3/327054--____09_00_2024__15f22363-c7c6-4737-a387-45f2413e92d6.mp4.mp3,https://ta-lectures.s3.us-east-005.backblazeb2.com/mobileres/327054--____09_00_2024__15f22363-c7c6-4737-a387-45f2413e92d6.mp4,,Asher,Weiss
327069,"מסר קצר בענייני דיומא: לסמוך רק על הקב""ה",2024-10-13,418,Hebrew,Jewish Understanding,,https://ta-lectures.s3.us-east-005.backblazeb2.com/thumbnails/327069/327069.jpg,https://dl.torahanytime.com/mp3/327069--____09_00_2024__b6d3a8ef-c56c-4432-a7f9-2a2b6525831d.mp4.mp3,https://ta-lectures.s3.us-east-005.backblazeb2.com/mobileres/327069--____09_00_2024__b6d3a8ef-c56c-4432-a7f9-2a2b6525831d.mp4,,Asher,Weiss
326432,הכנס השנתי לרבנים בדיני חולה ביום הכיפורים,2024-10-09,5394,Hebrew,Holidays,Yom Kippur,https://ta-lectures.s3.us-east-005.backblazeb2.com/thumbnails/326432/326432.jpg,https://dl.torahanytime.com/mp3/326432--____09_03_2024__fbfd4638-fbef-4da7-97a9-eac0a6370adf.mp4.mp3,https://ta-lectures.s3.us-east-005.backblazeb2.com/mobileres/326432--____09_03_2024__fbfd4638-fbef-4da7-97a9-eac0a6370adf.mp4,,Asher,Weiss
325517,Pardes Shlomo Daily: Harav Asher Weiss - The Best Segula for Rosh Hashanah,2024-10-02,470,English,Holidays,Rosh Hashanah,https://ta-lectures.s3.us-east-005.backblazeb2.com/thumbnails/audio.jpg,https://dl.torahanytime.com/mp3/325517--____09_03_2024__c6b31c5f-628f-4a5e-9e21-bb80f801301d.mp3.mp3,,,Asher,Weiss
325358,מהות התשובה,2024-10-01,2685,Hebrew,Teshuvah/Repentance,,https://ta-lectures.s3.us-east-005.backblazeb2.com/thumbnails/325358/325358.jpg,https://dl.torahanytime.com/mp3/325358--____09_02_2024__11d602e1-f222-4329-933c-5efdfa28402c.mp4.mp3,https://ta-lectures.s3.us-east-005.backblazeb2.com/mobileres/325358--____09_02_2024__11d602e1-f222-4329-933c-5efdfa28402c.mp4,,Asher,Weiss
324794,Pardes Shlomo Daily: Harav Asher Weiss- A powerful piece on Selichos,2024-09-29,271,English,Holidays,Rosh Hashanah,https://ta-lectures.s3.us-east-005.backblazeb2.com/thumbnails/324794/324794-sqk0h6.jpg,https://dl.torahanytime.com/mp3/324794--____08_00_2024__075d49fc-da16-4d5e-b91d-b418f03c61c7.mp3.mp3,,,Asher,Weiss
324433,אלול: יסודות התשובה והוידוי,2024-09-27,3159,Hebrew,Teshuvah/Repentance,,https://ta-lectures.s3.us-east-005.backblazeb2.com/thumbnails/324433/324433.jpg,https://dl.torahanytime.com/mp3/324433--____08_05_2024__32b64a4e-c2ff-4661-9d58-2a9b74da166d.mp4.mp3,https://ta-lectures.s3.us-east-005.backblazeb2.com/mobileres/324433--____08_05_2024__32b64a4e-c2ff-4661-9d58-2a9b74da166d.mp4,,Asher,Weiss
324484,The Definitions of Teshuvah ,2024-09-27,2030,English,Teshuvah/Repentance,,https://ta-lectures.s3.us-east-005.backblazeb2.com/thumbnails/324484/324484.jpg,https://dl.torahanytime.com/mp3/324484--____08_05_2024__4a5d1829-dc65-4e6c-8703-7c6ab2664afd.mp4.mp3,https://ta-lectures.s3.us-east-005.backblazeb2.com/mobileres/324484--____08_05_2024__4a5d1829-dc65-4e6c-8703-7c6ab2664afd.mp4,,Asher,Weiss
324487,Teshuvah with Joy (Ohr Somayach & Ohr Lagolah Kollel RBS),2024-09-27,2523,English,Teshuvah/Repentance,,https://ta-lectures.s3.us-east-005.backblazeb2.com/thumbnails/324487/324487.jpg,https://dl.torahanytime.com/mp3/324487--____08_05_2024__dfadd53d-d683-4e4d-ad7b-ea947512a393.mp4.mp3,https://ta-lectures.s3.us-east-005.backblazeb2.com/mobileres/324487--____08_05_2024__dfadd53d-d683-4e4d-ad7b-ea947512a393.mp4,,Asher,Weiss
324365,מסר קצר לימי הסליחות,2024-09-26,731,Hebrew,Rosh Chodesh/Jewish Months,Elul,https://ta-lectures.s3.us-east-005.backblazeb2.com/thumbnails/324365/324365.jpg,https://dl.torahanytime.com/mp3/324365--____08_04_2024__f595456b-809b-4730-9d72-7a550909771a.mp4.mp3,https://ta-lectures.s3.us-east-005.backblazeb2.com/mobileres/324365--____08_04_2024__f595456b-809b-4730-9d72-7a550909771a.mp4,,Asher,Weiss
323020,מסר קצר לקראת ימים הנוראים,2024-09-20,624,Hebrew,Rosh Chodesh/Jewish Months,Elul,https://ta-lectures.s3.us-east-005.backblazeb2.com/thumbnails/323020/323020.jpg,https://dl.torahanytime.com/mp3/323020--____08_05_2024__a3381978-9d5d-443f-b69e-64f6b434a046.mp4.mp3,https://ta-lectures.s3.us-east-005.backblazeb2.com/mobileres/323020--____08_05_2024__a3381978-9d5d-443f-b69e-64f6b434a046.mp4,,Asher,Weiss
323046,Elul: The Mitzvah of Teshuvah,2024-09-20,2091,English,Rosh Chodesh/Jewish Months,Elul,https://ta-lectures.s3.us-east-005.backblazeb2.com/thumbnails/323046/323046.jpg,https://dl.torahanytime.com/mp3/323046--____08_05_2024__6f54a28b-a122-47ed-a0da-f929c5ece8b0.mp4.mp3,https://ta-lectures.s3.us-east-005.backblazeb2.com/mobileres/323046--____08_05_2024__6f54a28b-a122-47ed-a0da-f929c5ece8b0.mp4,,Asher,Weiss
323053,Pardes Shlomo Daily: Harav Asher Weiss- Parshas Ki Tavo,2024-09-20,490,English,Parasha/Torah Portion,Ki Tavo,https://ta-lectures.s3.us-east-005.backblazeb2.com/thumbnails/323053/323053-sqk0d7.jpg,https://dl.torahanytime.com/mp3/323053--____08_05_2024__3ebec48b-46a8-4db9-8a7f-d420a9a9c310.mp3.mp3,,,Asher,Weiss
322598,אלול: תפילה,2024-09-18,2636,Hebrew,Rosh Chodesh/Jewish Months,Elul,https://ta-lectures.s3.us-east-005.backblazeb2.com/thumbnails/322598/322598.jpg,https://dl.torahanytime.com/mp3/322598--____08_03_2024__b00af14e-b0ae-45be-bbd1-cf33c6801d2f.mp4.mp3,https://ta-lectures.s3.us-east-005.backblazeb2.com/mobileres/322598--____08_03_2024__b00af14e-b0ae-45be-bbd1-cf33c6801d2f.mp4,,Asher,Weiss
322052,Short Thought on Chodesh Elul,2024-09-16,334,English,Rosh Chodesh/Jewish Months,Elul,https://ta-lectures.s3.us-east-005.backblazeb2.com/thumbnails/322052/322052.jpg,https://dl.torahanytime.com/mp3/322052--____08_01_2024__d6ceaff2-633d-4a5f-9e2a-8777989828cc.mp4.mp3,https://ta-lectures.s3.us-east-005.backblazeb2.com/mobileres/322052--____08_01_2024__d6ceaff2-633d-4a5f-9e2a-8777989828cc.mp4,,Asher,Weiss
321693,Elul: The Mitzvah of Tzedakah,2024-09-13,2206,English,Rosh Chodesh/Jewish Months,Elul,https://ta-lectures.s3.us-east-005.backblazeb2.com/thumbnails/321693/321693.jpg,https://dl.torahanytime.com/mp3/321693--____08_05_2024__31c3a7fb-51a5-4967-beed-b069dc977760.mp4.mp3,https://ta-lectures.s3.us-east-005.backblazeb2.com/mobileres/321693--____08_05_2024__31c3a7fb-51a5-4967-beed-b069dc977760.mp4,,Asher,Weiss
321250,אלול: מצוות צדקה,2024-09-11,2684,Hebrew,Rosh Chodesh/Jewish Months,Elul,https://ta-lectures.s3.us-east-005.backblazeb2.com/thumbnails/321250/321250.jpg,https://dl.torahanytime.com/mp3/321250--____08_03_2024__828977ee-2da9-4cbf-9dc6-18565241bfc2.mp4.mp3,https://ta-lectures.s3.us-east-005.backblazeb2.com/mobileres/321250--____08_03_2024__828977ee-2da9-4cbf-9dc6-18565241bfc2.mp4,,Asher,Weiss
321465, מסר קצר לחודש אלול ומצוות צדקה,2024-09-11,512,Hebrew,Rosh Chodesh/Jewish Months,Elul,https://ta-lectures.s3.us-east-005.backblazeb2.com/thumbnails/321465/321465.jpg,https://dl.torahanytime.com/mp3/321465--____08_04_2024__7ae09638-ff3d-4440-90b7-323813378c83.mp4.mp3,https://ta-lectures.s3.us-east-005.backblazeb2.com/mobileres/321465--____08_04_2024__7ae09638-ff3d-4440-90b7-323813378c83.mp4,,Asher,Weiss
320570,מסר קצר לחודש אלול,2024-09-08,892,Hebrew,Rosh Chodesh/Jewish Months,Elul,https://ta-lectures.s3.us-east-005.backblazeb2.com/thumbnails/320570/320570.jpg,https://dl.torahanytime.com/mp3/320570--____08_00_2024__c1aa263c-2d2e-491d-a6a0-d8b89e3b6e9a.mp4.mp3,https://ta-lectures.s3.us-east-005.backblazeb2.com/mobileres/320570--____08_00_2024__c1aa263c-2d2e-491d-a6a0-d8b89e3b6e9a.mp4,,Asher,Weiss
320325,פתיחה לזמן אלול,2024-09-06,1213,Hebrew,Rosh Chodesh/Jewish Months,Elul,https://ta-lectures.s3.us-east-005.backblazeb2.com/thumbnails/320325/320325.jpg,https://dl.torahanytime.com/mp3/320325--____08_05_2024__5b2675f2-0bc7-4e9d-977a-9976830cece4.mp4.mp3,https://ta-lectures.s3.us-east-005.backblazeb2.com/mobileres/320325--____08_05_2024__5b2675f2-0bc7-4e9d-977a-9976830cece4.mp4,,Asher,Weiss
316615,Fast Days in Judaism,2024-08-14,2978,English,Jewish Understanding,,https://ta-lectures.s3.us-east-005.backblazeb2.com/thumbnails/audio.jpg,https://dl.torahanytime.com/mp3/316615--____07_03_2024__77574ae0-30dc-4782-bfea-33b7668561aa.mp3.mp3,,,Asher,Weiss
316015,Unveiling the Essence of Tisha B'Av,2024-08-11,2991,English,Holidays,Tisha B'Av,https://ta-lectures.s3.us-east-005.backblazeb2.com/thumbnails/316015/316015.jpg,https://dl.torahanytime.com/mp3/316015--____07_01_2024__101befd2-5f81-48fc-8aca-ab9c81f1d8e5.mp4.mp3,https://ta-lectures.s3.us-east-005.backblazeb2.com/mobileres/316015--____07_01_2024__101befd2-5f81-48fc-8aca-ab9c81f1d8e5.mp4,,Asher,Weiss
315497,מסר קצר לשבת חזון,2024-08-08,505,Hebrew,Holidays,Tisha B'Av,https://ta-lectures.s3.us-east-005.backblazeb2.com/thumbnails/315497/315497.jpg,https://dl.torahanytime.com/mp3/315497--____07_04_2024__0ddf7a95-a3cb-4f42-9755-f8026036dfee.mp4.mp3,https://ta-lectures.s3.us-east-005.backblazeb2.com/mobileres/315497--____07_04_2024__0ddf7a95-a3cb-4f42-9755-f8026036dfee.mp4,,Asher,Weiss
315498,תשעה באב: בגדרי הצומות בישראל,2024-08-08,3456,Hebrew,Holidays,Tisha B'Av,https://ta-lectures.s3.us-east-005.backblazeb2.com/thumbnails/315498/315498.jpg,https://dl.torahanytime.com/mp3/315498--____07_04_2024__ecc9463c-4b8b-495c-8290-c757d8243db5.mp4.mp3,https://ta-lectures.s3.us-east-005.backblazeb2.com/mobileres/315498--____07_04_2024__ecc9463c-4b8b-495c-8290-c757d8243db5.mp4,,Asher,Weiss
314295,The Insane Love of Jews for Eretz Yisrael,2024-08-01,2097,English,Eretz Yisrael,,https://ta-lectures.s3.us-east-005.backblazeb2.com/thumbnails/314295/314295.jpg,https://dl.torahanytime.com/mp3/314295--____07_00_2024__bfbf4cc1-41bd-4e2d-8a17-b52b2e991f11.mp4.mp3,https://ta-lectures.s3.us-east-005.backblazeb2.com/mobileres/314295--____07_00_2024__bfbf4cc1-41bd-4e2d-8a17-b52b2e991f11.mp4,,Asher,Weiss
312491,מסר קצר לימי בין המצרים,2024-07-26,577,Hebrew,Holidays,The 3 Weeks,https://ta-lectures.s3.us-east-005.backblazeb2.com/thumbnails/312491/312491.jpg,https://dl.torahanytime.com/mp3/312491--____06_05_2024__a421b018-615e-495d-8345-b79278eb0893.mp4.mp3,https://ta-lectures.s3.us-east-005.backblazeb2.com/mobileres/312491--____06_05_2024__a421b018-615e-495d-8345-b79278eb0893.mp4,,Asher,Weiss
311850,פרשת פנחס: ירושת הרבנות,2024-07-23,2376,Hebrew,Parasha/Torah Portion,Pinchas,https://ta-lectures.s3.us-east-005.backblazeb2.com/thumbnails/311850/311850.jpg,https://dl.torahanytime.com/mp3/311850--____06_02_2024__9d87474a-8a9d-462c-8112-96cbba3d62cf.mp4.mp3,https://ta-lectures.s3.us-east-005.backblazeb2.com/mobileres/311850--____06_02_2024__9d87474a-8a9d-462c-8112-96cbba3d62cf.mp4,,Asher,Weiss
311256,Parshat Balak: Tza'ar Balei Chaim,2024-07-19,2110,English,Parasha/Torah Portion,Balak,https://ta-lectures.s3.us-east-005.backblazeb2.com/thumbnails/311256/311256.jpg,https://dl.torahanytime.com/mp3/311256--____06_05_2024__0e1c336a-7a95-4db6-adc0-f4860d0650e6.mp4.mp3,https://ta-lectures.s3.us-east-005.backblazeb2.com/mobileres/311256--____06_05_2024__0e1c336a-7a95-4db6-adc0-f4860d0650e6.mp4,,Asher,Weiss
311273,Short Thought on Parshat Balak,2024-07-19,634,English,Parasha/Torah Portion,Balak,https://ta-lectures.s3.us-east-005.backblazeb2.com/thumbnails/311273/311273.jpg,https://dl.torahanytime.com/mp3/311273--____06_05_2024__dadefac2-fad7-4ea2-b0b2-0d480897b500.mp4.mp3,https://ta-lectures.s3.us-east-005.backblazeb2.com/mobileres/311273--____06_05_2024__dadefac2-fad7-4ea2-b0b2-0d480897b500.mp4,,Asher,Weiss
311276,מסר קצר לפרשת בלק,2024-07-19,498,Hebrew,Parasha/Torah Portion,Balak,https://ta-lectures.s3.us-east-005.backblazeb2.com/thumbnails/311276/311276.jpg,https://dl.torahanytime.com/mp3/311276--____06_05_2024__1683ee7b-65ee-4dcb-9014-d7dc57a8f966.mp4.mp3,https://ta-lectures.s3.us-east-005.backblazeb2.com/mobileres/311276--____06_05_2024__1683ee7b-65ee-4dcb-9014-d7dc57a8f966.mp4,,Asher,Weiss
310974,פרשת בלק: כבוד הבריות,2024-07-18,3296,Hebrew,Parasha/Torah Portion,Balak,https://ta-lectures.s3.us-east-005.backblazeb2.com/thumbnails/310974/310974.jpg,https://dl.torahanytime.com/mp3/310974--____06_04_2024__b8508fff-b4be-482f-aa46-4e5c3dd1e25e.mp4.mp3,https://ta-lectures.s3.us-east-005.backblazeb2.com/mobileres/310974--____06_04_2024__b8508fff-b4be-482f-aa46-4e5c3dd1e25e.mp4,,Asher,Weiss
310638,Divrei Chizuk for Ohr Somayach Mentor's Mission,2024-07-16,1345,English,Jewish Understanding,,https://ta-lectures.s3.us-east-005.backblazeb2.com/thumbnails/310638/310638.jpg,https://dl.torahanytime.com/mp3/310638--____06_02_2024__7d7df0f7-21db-4605-963e-1366065443b5.mp4.mp3,https://ta-lectures.s3.us-east-005.backblazeb2.com/mobileres/310638--____06_02_2024__7d7df0f7-21db-4605-963e-1366065443b5.mp4,,Asher,Weiss
309447,Laws of נשיאת כפים - Part 1,2024-07-10,2984,English,Halacha/Jewish Law,Prayer,https://ta-lectures.s3.us-east-005.backblazeb2.com/thumbnails/309447/309447.jpg,https://dl.torahanytime.com/mp3/309447--____06_03_2024__70dbd526-0731-4c8d-8529-546736ef2e51.mp4.mp3,https://ta-lectures.s3.us-east-005.backblazeb2.com/mobileres/309447--____06_03_2024__70dbd526-0731-4c8d-8529-546736ef2e51.mp4,,Asher,Weiss
309782,Laws of נשיאת כפים - Part 2,2024-07-10,3912,English,Halacha/Jewish Law,Prayer,https://ta-lectures.s3.us-east-005.backblazeb2.com/thumbnails/309782/309782.jpg,https://dl.torahanytime.com/mp3/309782--____06_04_2024__132b6293-20f0-46b8-9ba5-c6fc99a07ef1.mp4.mp3,https://ta-lectures.s3.us-east-005.backblazeb2.com/mobileres/309782--____06_04_2024__132b6293-20f0-46b8-9ba5-c6fc99a07ef1.mp4,,Asher,Weiss
308897,Ohr Somayach Yarchei Kallah 2024: Shlichus B'Mitzvos (Part 2),2024-07-08,2210,English,Jewish Understanding,,https://ta-lectures.s3.us-east-005.backblazeb2.com/thumbnails/308897/308897.jpg,https://dl.torahanytime.com/mp3/308897--____06_01_2024__510d6752-0414-4e8b-b368-79d2da96732c.mp4.mp3,https://ta-lectures.s3.us-east-005.backblazeb2.com/mobileres/308897--____06_01_2024__510d6752-0414-4e8b-b368-79d2da96732c.mp4,,Asher,Weiss
308511,Parshat Korach: Shlichus B'Mitzvos,2024-07-05,2304,English,Parasha/Torah Portion,Korach,https://ta-lectures.s3.us-east-005.backblazeb2.com/thumbnails/308511/308511.jpg,https://dl.torahanytime.com/mp3/308511--____06_05_2024__c43744a4-dc4f-4c7e-8589-2f9790137fd9.mp4.mp3,https://ta-lectures.s3.us-east-005.backblazeb2.com/mobileres/308511--____06_05_2024__c43744a4-dc4f-4c7e-8589-2f9790137fd9.mp4,,Asher,Weiss
308541,Short Thought on Parshat Korach,2024-07-05,508,English,Parasha/Torah Portion,Korach,https://ta-lectures.s3.us-east-005.backblazeb2.com/thumbnails/308541/308541.jpg,https://dl.torahanytime.com/mp3/308541--____06_05_2024__b19d2c2d-8b4c-4650-b25e-eaa89e9008d3.mp4.mp3,https://ta-lectures.s3.us-east-005.backblazeb2.com/mobileres/308541--____06_05_2024__b19d2c2d-8b4c-4650-b25e-eaa89e9008d3.mp4,,Asher,Weiss
308421,מסר קצר לפרשת קרח,2024-07-04,419,Hebrew,Parasha/Torah Portion,Korach,https://ta-lectures.s3.us-east-005.backblazeb2.com/thumbnails/308421/308421.jpg,https://dl.torahanytime.com/mp3/308421--____06_04_2024__5bb2ffd4-a86e-4837-ae90-ca7aeea9cb87.mp4.mp3,https://ta-lectures.s3.us-east-005.backblazeb2.com/mobileres/308421--____06_04_2024__5bb2ffd4-a86e-4837-ae90-ca7aeea9cb87.mp4,,Asher,Weiss
308032,פרשת קרח: בעניין שליחות במצוות,2024-07-03,2876,Hebrew,Parasha/Torah Portion,Korach,https://ta-lectures.s3.us-east-005.backblazeb2.com/thumbnails/308032/308032.jpg,https://dl.torahanytime.com/mp3/308032--____06_03_2024__21dbc4b3-0ab9-43da-bbeb-2703e8fff10a.mp4.mp3,https://ta-lectures.s3.us-east-005.backblazeb2.com/mobileres/308032--____06_03_2024__21dbc4b3-0ab9-43da-bbeb-2703e8fff10a.mp4,,Asher,Weiss
308368,Ohr Somayach Yarchei Kallah 2024: Shlichus B'Mitzvos (Part 1),2024-07-03,2855,English,Jewish Understanding,,https://ta-lectures.s3.us-east-005.backblazeb2.com/thumbnails/308368/308368.jpg,https://dl.torahanytime.com/mp3/308368--____06_04_2024__f88a842b-4d83-4026-921a-b7cd1a75fd65.mp4.mp3,https://ta-lectures.s3.us-east-005.backblazeb2.com/mobileres/308368--____06_04_2024__f88a842b-4d83-4026-921a-b7cd1a75fd65.mp4,,Asher,Weiss
307107,פרשת שלח: עשה דוחה לא תעשה,2024-06-28,3386,Hebrew,Parasha/Torah Portion,Shelach,https://ta-lectures.s3.us-east-005.backblazeb2.com/thumbnails/307107/307107.jpg,https://dl.torahanytime.com/mp3/307107--____06_01_2024__88e0f9c0-0552-4e93-9e4e-ff3c9691370b.mp4.mp3,https://ta-lectures.s3.us-east-005.backblazeb2.com/mobileres/307107--____06_01_2024__88e0f9c0-0552-4e93-9e4e-ff3c9691370b.mp4,,Asher,Weiss
305681,Parshat Be'halot'cha: The Mitzvah of  Blowing Trumpets Nowadays,2024-06-21,2370,English,Parasha/Torah Portion,Be'halot'cha,https://ta-lectures.s3.us-east-005.backblazeb2.com/thumbnails/305681/305681.jpg,https://dl.torahanytime.com/mp3/305681--____05_05_2024__d21e32dc-6a68-4fe2-b035-942c1fcf8749.mp4.mp3,https://ta-lectures.s3.us-east-005.backblazeb2.com/mobileres/305681--____05_05_2024__d21e32dc-6a68-4fe2-b035-942c1fcf8749.mp4,,Asher,Weiss
305414,פרשת בהעלותך: מצוות החצוצרות בזמן הזה,2024-06-20,2435,Hebrew,Parasha/Torah Portion,Be'halot'cha,https://ta-lectures.s3.us-east-005.backblazeb2.com/thumbnails/305414/305414.jpg,https://dl.torahanytime.com/mp3/305414--____05_04_2024__4025a7a0-ec86-468a-b2a6-27c32ba3d4bb.mp4.mp3,https://ta-lectures.s3.us-east-005.backblazeb2.com/mobileres/305414--____05_04_2024__4025a7a0-ec86-468a-b2a6-27c32ba3d4bb.mp4,,Asher,Weiss
304280,מצוות תלמוד תורה,2024-06-13,3179,Hebrew,Jewish Understanding,,https://ta-lectures.s3.us-east-005.backblazeb2.com/thumbnails/304280/304280.jpg,https://dl.torahanytime.com/mp3/304280--____05_04_2024__8f08357e-9a3b-46ef-9c32-341d6e470ace.mp4.mp3,https://ta-lectures.s3.us-east-005.backblazeb2.com/mobileres/304280--____05_04_2024__8f08357e-9a3b-46ef-9c32-341d6e470ace.mp4,,Asher,Weiss
304084,Eating Milchig & Meat on Shavuot,2024-06-11,2726,English,Holidays,Shavuot,https://ta-lectures.s3.us-east-005.backblazeb2.com/thumbnails/304084/304084.jpg,https://dl.torahanytime.com/mp3/304084--____05_02_2024__b2fb5d9e-33c5-4f21-bf2d-c6130f73e27c.mp4.mp3,https://ta-lectures.s3.us-east-005.backblazeb2.com/mobileres/304084--____05_02_2024__b2fb5d9e-33c5-4f21-bf2d-c6130f73e27c.mp4,,Asher,Weiss
304014,שבועות: האם ראוי ליהנות מתלמוד תורה,2024-06-10,3578,Hebrew,Holidays,Shavuot,https://ta-lectures.s3.us-east-005.backblazeb2.com/thumbnails/304014/304014.jpg,https://dl.torahanytime.com/mp3/304014--____05_02_2024__64f7eb23-c591-45ad-94ea-916b8a926c55.mp4.mp3,https://ta-lectures.s3.us-east-005.backblazeb2.com/mobileres/304014--____05_02_2024__64f7eb23-c591-45ad-94ea-916b8a926c55.mp4,,Asher,Weiss
303317,Can Chazal Prohibit Something That The Torah Permits,2024-06-07,2630,English,Jewish Understanding,,https://ta-lectures.s3.us-east-005.backblazeb2.com/thumbnails/303317/303317.jpg,https://dl.torahanytime.com/mp3/303317--____05_05_2024__bcc6dc6a-759f-4a50-b40e-971aa53e94f6.mp4.mp3,https://ta-lectures.s3.us-east-005.backblazeb2.com/mobileres/303317--____05_05_2024__bcc6dc6a-759f-4a50-b40e-971aa53e94f6.mp4,,Asher,Weiss
303323,Short Thought on Shavuot,2024-06-07,543,English,Holidays,Shavuot,https://ta-lectures.s3.us-east-005.backblazeb2.com/thumbnails/303323/303323.jpg,https://dl.torahanytime.com/mp3/303323--____05_05_2024__655f629c-f387-4dba-888d-e78d1b3aad90.mp4.mp3,https://ta-lectures.s3.us-east-005.backblazeb2.com/mobileres/303323--____05_05_2024__655f629c-f387-4dba-888d-e78d1b3aad90.mp4,,Asher,Weiss
303324,מסר קצר לחג שבועות,2024-06-07,744,Hebrew,Holidays,Shavuot,https://ta-lectures.s3.us-east-005.backblazeb2.com/thumbnails/303324/303324.jpg,https://dl.torahanytime.com/mp3/303324--____05_05_2024__1999c100-c826-42ed-a723-c76255f0a913.mp4.mp3,https://ta-lectures.s3.us-east-005.backblazeb2.com/mobileres/303324--____05_05_2024__1999c100-c826-42ed-a723-c76255f0a913.mp4,,Asher,Weiss
302778,בדברי הט''ז שאין ביד חכמים לאסור את המפורש בתורה,2024-06-04,3391,Hebrew,Jewish Understanding,,https://ta-lectures.s3.us-east-005.backblazeb2.com/thumbnails/302778/302778.jpg,https://dl.torahanytime.com/mp3/302778--____05_03_2024__448a5e1f-e91b-4118-972b-1e08dfba66e6.mp4.mp3,https://ta-lectures.s3.us-east-005.backblazeb2.com/mobileres/302778--____05_03_2024__448a5e1f-e91b-4118-972b-1e08dfba66e6.mp4,,Asher,Weiss
302356,Preparation for Shavuot (Shiur at Ohr Samayach),2024-06-03,2035,English,Holidays,Shavuot,https://ta-lectures.s3.us-east-005.backblazeb2.com/thumbnails/302356/302356.jpg,https://dl.torahanytime.com/mp3/302356--____05_01_2024__41b8df60-8072-42d2-b980-e1c44c01bcab.mp4.mp3,https://ta-lectures.s3.us-east-005.backblazeb2.com/mobileres/302356--____05_01_2024__41b8df60-8072-42d2-b980-e1c44c01bcab.mp4,,Asher,Weiss
301957,Parshat Bechukotai: The Obligation to Go to Doctors,2024-05-31,2280,English,Parasha/Torah Portion,Bechukotai,https://ta-lectures.s3.us-east-005.backblazeb2.com/thumbnails/301957/301957.jpg,https://dl.torahanytime.com/mp3/301957--____04_05_2024__54208f6d-cc4a-4139-9405-a0b312965e0d.mp4.mp3,https://ta-lectures.s3.us-east-005.backblazeb2.com/mobileres/301957--____04_05_2024__54208f6d-cc4a-4139-9405-a0b312965e0d.mp4,,Asher,Weiss
301958,Short Thought on Parshat Bechukotai,2024-05-31,750,English,Parasha/Torah Portion,Bechukotai,https://ta-lectures.s3.us-east-005.backblazeb2.com/thumbnails/301958/301958.jpg,https://dl.torahanytime.com/mp3/301958--____04_05_2024__3fb04c89-9ed1-42d0-903d-f1af03329459.mp4.mp3,https://ta-lectures.s3.us-east-005.backblazeb2.com/mobileres/301958--____04_05_2024__3fb04c89-9ed1-42d0-903d-f1af03329459.mp4,,Asher,Weiss
301848,מסר קצר לפרשת בחוקותי,2024-05-30,827,Hebrew,Parasha/Torah Portion,Bechukotai,https://ta-lectures.s3.us-east-005.backblazeb2.com/thumbnails/301848/301848.jpg,https://dl.torahanytime.com/mp3/301848--____04_04_2024__aa422f94-b576-4f6e-996f-1e704a02f7ad.mp4.mp3,https://ta-lectures.s3.us-east-005.backblazeb2.com/mobileres/301848--____04_04_2024__aa422f94-b576-4f6e-996f-1e704a02f7ad.mp4,,Asher,Weiss
301406,פרשת בחוקותי: חיוב החולה להתעסק ברפואה,2024-05-29,2901,Hebrew,Parasha/Torah Portion,Bechukotai,https://ta-lectures.s3.us-east-005.backblazeb2.com/thumbnails/301406/301406.jpg,https://dl.torahanytime.com/mp3/301406--____04_03_2024__a44c65a7-e948-42f0-9676-bbd77b5058b8.mp4.mp3,https://ta-lectures.s3.us-east-005.backblazeb2.com/mobileres/301406--____04_03_2024__a44c65a7-e948-42f0-9676-bbd77b5058b8.mp4,,Asher,Weiss
300584,The Minhag of Burning Garments on Lag B'Omer,2024-05-24,2449,English,Holidays,Lag B'Omer,https://ta-lectures.s3.us-east-005.backblazeb2.com/thumbnails/300584/300584.jpg,https://dl.torahanytime.com/mp3/300584--____04_05_2024__f612c5d0-7586-45f4-9576-87ff2df6f59a.mp4.mp3,https://ta-lectures.s3.us-east-005.backblazeb2.com/mobileres/300584--____04_05_2024__f612c5d0-7586-45f4-9576-87ff2df6f59a.mp4,,Asher,Weiss
300665,Short Thought on Lag B'Omer,2024-05-24,967,English,Holidays,Lag B'Omer,https://ta-lectures.s3.us-east-005.backblazeb2.com/thumbnails/300665/300665.jpg,https://dl.torahanytime.com/mp3/300665--____04_05_2024__28dd6c70-9cb3-4aed-8469-5dd8c349b2d0.mp4.mp3,https://ta-lectures.s3.us-east-005.backblazeb2.com/mobileres/300665--____04_05_2024__28dd6c70-9cb3-4aed-8469-5dd8c349b2d0.mp4,,Asher,Weiss
300456,"מסר קצר לל""ג בעומר",2024-05-23,762,Hebrew,Holidays,Lag B'Omer,https://ta-lectures.s3.us-east-005.backblazeb2.com/thumbnails/300456/300456.jpg,https://dl.torahanytime.com/mp3/300456--____04_04_2024__dc9f59f5-6952-40c7-9380-699f5672ec01.mp4.mp3,https://ta-lectures.s3.us-east-005.backblazeb2.com/mobileres/300456--____04_04_2024__dc9f59f5-6952-40c7-9380-699f5672ec01.mp4,,Asher,Weiss
299950,"מנהג שריפת בגדית במדורת ל""ג בעומר",2024-05-22,3234,Hebrew,Holidays,Lag B'Omer,https://ta-lectures.s3.us-east-005.backblazeb2.com/thumbnails/299950/299950.jpg,https://dl.torahanytime.com/mp3/299950--____04_03_2024__6c607426-9c14-4b7b-9463-d351241d41e8.mp4.mp3,https://ta-lectures.s3.us-east-005.backblazeb2.com/mobileres/299950--____04_03_2024__6c607426-9c14-4b7b-9463-d351241d41e8.mp4,,Asher,Weiss
299011,Parshat Emor: The Mitzvah of Sefirat HaOmer,2024-05-17,2419,English,Parasha/Torah Portion,Emor,https://ta-lectures.s3.us-east-005.backblazeb2.com/thumbnails/299011/299011.jpg,https://dl.torahanytime.com/mp3/299011--____04_05_2024__252e6b8e-dbd7-4f31-9c3a-e373a1e0d28a.mp4.mp3,https://ta-lectures.s3.us-east-005.backblazeb2.com/mobileres/299011--____04_05_2024__252e6b8e-dbd7-4f31-9c3a-e373a1e0d28a.mp4,,Asher,Weiss
299085,Short Thought on Parshat Emor,2024-05-17,480,English,Parasha/Torah Portion,Emor,https://ta-lectures.s3.us-east-005.backblazeb2.com/thumbnails/299085/299085.jpg,https://dl.torahanytime.com/mp3/299085--____04_05_2024__70263eb4-a022-4c6a-a991-fad27fc876d7.mp4.mp3,https://ta-lectures.s3.us-east-005.backblazeb2.com/mobileres/299085--____04_05_2024__70263eb4-a022-4c6a-a991-fad27fc876d7.mp4,,Asher,Weiss
298858,מסר קצר לפרשת אמור,2024-05-16,407,Hebrew,Parasha/Torah Portion,Emor,https://ta-lectures.s3.us-east-005.backblazeb2.com/thumbnails/298858/298858.jpg,https://dl.torahanytime.com/mp3/298858--____04_04_2024__c2435a09-6622-4015-83d0-3308657db155.mp4.mp3,https://ta-lectures.s3.us-east-005.backblazeb2.com/mobileres/298858--____04_04_2024__c2435a09-6622-4015-83d0-3308657db155.mp4,,Asher,Weiss
298261,פרשת אמור: מצוות ספירת העומר,2024-05-14,3217,Hebrew,Parasha/Torah Portion,Emor,https://ta-lectures.s3.us-east-005.backblazeb2.com/thumbnails/298261/298261.jpg,https://dl.torahanytime.com/mp3/298261--____04_02_2024__fea25ed2-feb9-411c-b789-5fd7113c32e3.mp4.mp3,https://ta-lectures.s3.us-east-005.backblazeb2.com/mobileres/298261--____04_02_2024__fea25ed2-feb9-411c-b789-5fd7113c32e3.mp4,,Asher,Weiss
297832,Short Thought on Sefirat HaOmer,2024-05-12,639,English,Holidays,Omer,https://ta-lectures.s3.us-east-005.backblazeb2.com/thumbnails/297832/297832.jpg,https://dl.torahanytime.com/mp3/297832--____04_00_2024__f6bf6b61-4e7d-483f-81a1-593bd0a3964c.mp4.mp3,https://ta-lectures.s3.us-east-005.backblazeb2.com/mobileres/297832--____04_00_2024__f6bf6b61-4e7d-483f-81a1-593bd0a3964c.mp4,,Asher,Weiss
297777,מסר קצר לימי ספירת העומר,2024-05-11,763,Hebrew,Holidays,Omer,https://ta-lectures.s3.us-east-005.backblazeb2.com/thumbnails/297777/297777.jpg,https://dl.torahanytime.com/mp3/297777--____04_06_2024__73a07dfb-b1c3-4381-b039-22f894b11a02.mp4.mp3,https://ta-lectures.s3.us-east-005.backblazeb2.com/mobileres/297777--____04_06_2024__73a07dfb-b1c3-4381-b039-22f894b11a02.mp4,,Asher,Weiss
297625,Parshat Kedoshim: Love Your Fellow Jew,2024-05-10,2415,English,Parasha/Torah Portion,Kedoshim,https://ta-lectures.s3.us-east-005.backblazeb2.com/thumbnails/297625/297625.jpg,https://dl.torahanytime.com/mp3/297625--____04_05_2024__8fc0536a-32da-4b4f-b3d0-ad08c83be589.mp4.mp3,https://ta-lectures.s3.us-east-005.backblazeb2.com/mobileres/297625--____04_05_2024__8fc0536a-32da-4b4f-b3d0-ad08c83be589.mp4,,Asher,Weiss
297356,פרשת קדושים: ואהבת לרעך כמוך,2024-05-09,2964,Hebrew,Parasha/Torah Portion,Kedoshim,https://ta-lectures.s3.us-east-005.backblazeb2.com/thumbnails/297356/297356.jpg,https://dl.torahanytime.com/mp3/297356--____04_04_2024__49a06b33-be25-4f95-817c-718ee97f277b.mp4.mp3,https://ta-lectures.s3.us-east-005.backblazeb2.com/mobileres/297356--____04_04_2024__49a06b33-be25-4f95-817c-718ee97f277b.mp4,,Asher,Weiss
297245,"Balancing Torah, Work, & Family",2024-05-08,2196,English,Jewish Understanding,,https://ta-lectures.s3.us-east-005.backblazeb2.com/thumbnails/297245/297245.jpg,https://dl.torahanytime.com/mp3/297245--____04_03_2024__531df205-d8fe-47ed-b11a-8fbf6ac64258.mp4.mp3,https://ta-lectures.s3.us-east-005.backblazeb2.com/mobileres/297245--____04_03_2024__531df205-d8fe-47ed-b11a-8fbf6ac64258.mp4,,Asher,Weiss
296953,שו''ת עם רופאים בעקבות המלחמה,2024-05-07,4371,Hebrew,Jewish Understanding,,https://ta-lectures.s3.us-east-005.backblazeb2.com/thumbnails/296953/296953.jpg,https://dl.torahanytime.com/mp3/296953--____04_02_2024__5fff80d7-48c1-4a7d-92e1-4963cf5c76bb.mp4.mp3,https://ta-lectures.s3.us-east-005.backblazeb2.com/mobileres/296953--____04_02_2024__5fff80d7-48c1-4a7d-92e1-4963cf5c76bb.mp4,,Asher,Weiss
296450,מסר קצר לימי ספירת העומר,2024-05-03,891,Hebrew,Holidays,Omer,https://ta-lectures.s3.us-east-005.backblazeb2.com/thumbnails/296450/296450.jpg,https://dl.torahanytime.com/mp3/296450--____04_05_2024__13fd7241-9932-489f-955d-c34d931ee9c7.mp4.mp3,https://ta-lectures.s3.us-east-005.backblazeb2.com/mobileres/296450--____04_05_2024__13fd7241-9932-489f-955d-c34d931ee9c7.mp4,,Asher,Weiss
296355,קטן שהגדיל בימי הספירה,2024-05-02,3567,Hebrew,Holidays,Omer,https://ta-lectures.s3.us-east-005.backblazeb2.com/thumbnails/296355/296355.jpg,https://dl.torahanytime.com/mp3/296355--____04_04_2024__55e775f2-a678-45fc-a4d5-f5aa0547ec12.mp4.mp3,https://ta-lectures.s3.us-east-005.backblazeb2.com/mobileres/296355--____04_04_2024__55e775f2-a678-45fc-a4d5-f5aa0547ec12.mp4,,Asher,Weiss
295879,תורת המנהגים ,2024-04-28,2897,Hebrew,Holidays,Pesach/Passover,https://ta-lectures.s3.us-east-005.backblazeb2.com/thumbnails/295879/295879.jpg,https://dl.torahanytime.com/mp3/295879--____03_00_2024__abb8fe29-0e62-4509-8e2f-410018f7956b.mp4.mp3,https://ta-lectures.s3.us-east-005.backblazeb2.com/mobileres/295879--____03_00_2024__abb8fe29-0e62-4509-8e2f-410018f7956b.mp4,,Asher,Weiss
295924,דברי חיזוק לימי הפסח,2024-04-28,846,Hebrew,Holidays,Pesach/Passover,https://ta-lectures.s3.us-east-005.backblazeb2.com/thumbnails/295924/295924.jpg,https://dl.torahanytime.com/mp3/295924--____03_00_2024__d3291d96-865b-4863-a4dc-cb0c23cf26fd.mp4.mp3,https://ta-lectures.s3.us-east-005.backblazeb2.com/mobileres/295924--____03_00_2024__d3291d96-865b-4863-a4dc-cb0c23cf26fd.mp4,,Asher,Weiss
295811,"ברכות המצוות - שיעור בשכונת נווה יעקב בחוה""מ פסח",2024-04-27,3280,Hebrew,Halacha/Jewish Law,,https://ta-lectures.s3.us-east-005.backblazeb2.com/thumbnails/295811/295811.jpg,https://dl.torahanytime.com/mp3/295811--____03_06_2024__40fe5a39-3cbe-40ef-9684-a8799a879d05.mp4.mp3,https://ta-lectures.s3.us-east-005.backblazeb2.com/mobileres/295811--____03_06_2024__40fe5a39-3cbe-40ef-9684-a8799a879d05.mp4,,Asher,Weiss
295746,דברי חיזוק קצרים לימי הפסח,2024-04-26,682,Hebrew,Holidays,Pesach/Passover,https://ta-lectures.s3.us-east-005.backblazeb2.com/thumbnails/295746/295746.jpg,https://dl.torahanytime.com/mp3/295746--____03_05_2024__38b745ee-5162-4397-bb35-158ceccb3550.mp4.mp3,https://ta-lectures.s3.us-east-005.backblazeb2.com/mobileres/295746--____03_05_2024__38b745ee-5162-4397-bb35-158ceccb3550.mp4,,Asher,Weiss
294485,The Mitzvah of הסבה,2024-04-17,3107,English,Holidays,Pesach/Passover,https://ta-lectures.s3.us-east-005.backblazeb2.com/thumbnails/294485/294485.jpg,https://dl.torahanytime.com/mp3/294485--____03_02_2024__291a42eb-bfb4-45b8-8027-bd8cf57b2c77.mp4.mp3,https://ta-lectures.s3.us-east-005.backblazeb2.com/mobileres/294485--____03_02_2024__291a42eb-bfb4-45b8-8027-bd8cf57b2c77.mp4,,Asher,Weiss
294567,Divrei Chizuk for Pesach & Current Events,2024-04-17,1005,English,Holidays,Pesach/Passover,https://ta-lectures.s3.us-east-005.backblazeb2.com/thumbnails/294567/294567.jpg,https://dl.torahanytime.com/mp3/294567--____03_03_2024__893a4c36-5cc1-4b6b-bc31-771e0ace7e70.mp4.mp3,https://ta-lectures.s3.us-east-005.backblazeb2.com/mobileres/294567--____03_03_2024__893a4c36-5cc1-4b6b-bc31-771e0ace7e70.mp4,,Asher,Weiss
294358,מצוות הסבה בליל הסדר,2024-04-16,3196,Hebrew,Holidays,Pesach/Passover,https://ta-lectures.s3.us-east-005.backblazeb2.com/thumbnails/294358/294358.jpg,https://dl.torahanytime.com/mp3/294358--____03_02_2024__7fd732df-cd02-4014-989c-09b1385f3b89.mp4.mp3,https://ta-lectures.s3.us-east-005.backblazeb2.com/mobileres/294358--____03_02_2024__7fd732df-cd02-4014-989c-09b1385f3b89.mp4,,Asher,Weiss
294022,Halacha and Mental Health in Shidduchim & Marriage (conversation with Dr. Yaacov Friedman),2024-04-14,1953,English,Dating and Marriage,,https://ta-lectures.s3.us-east-005.backblazeb2.com/thumbnails/294022/294022.jpg,https://dl.torahanytime.com/mp3/294022--____03_00_2024__16ae3ad4-da41-4f0c-83b2-5df130a6dff6.mp4.mp3,https://ta-lectures.s3.us-east-005.backblazeb2.com/mobileres/294022--____03_00_2024__16ae3ad4-da41-4f0c-83b2-5df130a6dff6.mp4,,Asher,Weiss
293682,"מצוות מצה, ואפיקומן ",2024-04-12,3630,Hebrew,Holidays,Pesach/Passover,https://ta-lectures.s3.us-east-005.backblazeb2.com/thumbnails/293682/293682.jpg,https://dl.torahanytime.com/mp3/293682--____03_05_2024__293145ea-5a5b-41d2-a3a9-6aaa33465aca.mp4.mp3,https://ta-lectures.s3.us-east-005.backblazeb2.com/mobileres/293682--____03_05_2024__293145ea-5a5b-41d2-a3a9-6aaa33465aca.mp4,,Asher,Weiss
293736,מסר קצר לפסח,2024-04-12,711,Hebrew,Holidays,Pesach/Passover,https://ta-lectures.s3.us-east-005.backblazeb2.com/thumbnails/293736/293736.jpg,https://dl.torahanytime.com/mp3/293736--____03_05_2024__c9b8e85b-605c-451e-a1c2-1a166041eef2.mp4.mp3,https://ta-lectures.s3.us-east-005.backblazeb2.com/mobileres/293736--____03_05_2024__c9b8e85b-605c-451e-a1c2-1a166041eef2.mp4,,Asher,Weiss
293284,Eating the Afikoman,2024-04-10,2565,English,Holidays,Pesach/Passover,https://ta-lectures.s3.us-east-005.backblazeb2.com/thumbnails/293284/293284.jpg,https://dl.torahanytime.com/mp3/293284--____03_03_2024__232bd077-0a75-452e-9dac-d21de6993d84.mp4.mp3,https://ta-lectures.s3.us-east-005.backblazeb2.com/mobileres/293284--____03_03_2024__232bd077-0a75-452e-9dac-d21de6993d84.mp4,,Asher,Weiss
292818,International Date Line in Halacha,2024-04-08,3528,English,Halacha/Jewish Law,,https://ta-lectures.s3.us-east-005.backblazeb2.com/thumbnails/292818/292818.jpg,https://dl.torahanytime.com/mp3/292818--____03_01_2024__32dee9ca-ec37-4877-8bb1-e9d967f1b119.mp4.mp3,https://ta-lectures.s3.us-east-005.backblazeb2.com/mobileres/292818--____03_01_2024__32dee9ca-ec37-4877-8bb1-e9d967f1b119.mp4,,Asher,Weiss
292499,Insects in Halacha,2024-04-07,3054,English,Halacha/Jewish Law,,https://ta-lectures.s3.us-east-005.backblazeb2.com/thumbnails/292499/292499.jpg,https://dl.torahanytime.com/mp3/292499--____03_06_2024__1fda1e44-070d-417f-bdf7-edfd55c68fd4.mp4.mp3,https://ta-lectures.s3.us-east-005.backblazeb2.com/mobileres/292499--____03_06_2024__1fda1e44-070d-417f-bdf7-edfd55c68fd4.mp4,,Asher,Weiss
292072,Zmanim in Halacha,2024-04-04,3233,English,Halacha/Jewish Law,,https://ta-lectures.s3.us-east-005.backblazeb2.com/thumbnails/292072/292072.jpg,https://dl.torahanytime.com/mp3/292072--____03_04_2024__0d470c02-2d79-413a-a94b-87e6341d092f.mp4.mp3,https://ta-lectures.s3.us-east-005.backblazeb2.com/mobileres/292072--____03_04_2024__0d470c02-2d79-413a-a94b-87e6341d092f.mp4,,Asher,Weiss
291641,שאלות הלכתיות בזמן מלחמה,2024-04-02,3024,Hebrew,Response to Tragic Events,,https://ta-lectures.s3.us-east-005.backblazeb2.com/thumbnails/291641/291641.jpg,https://dl.torahanytime.com/mp3/291641--____03_02_2024__b941c2da-6c53-48e9-affe-7123c04ec333.mp4.mp3,https://ta-lectures.s3.us-east-005.backblazeb2.com/mobileres/291641--____03_02_2024__b941c2da-6c53-48e9-affe-7123c04ec333.mp4,,Asher,Weiss
291459,Anxiety and Stress in Halacha,2024-04-01,2765,English,Jewish Understanding,,https://ta-lectures.s3.us-east-005.backblazeb2.com/thumbnails/audio.jpg,https://dl.torahanytime.com/mp3/291459--____03_01_2024__064c9763-0909-422c-9cbb-8286a92625a4.mp3.mp3,,,Asher,Weiss
291101,מסר קצר לפרשת צו,2024-03-30,702,Hebrew,Parasha/Torah Portion,Tzav,https://ta-lectures.s3.us-east-005.backblazeb2.com/thumbnails/291101/291101.jpg,https://dl.torahanytime.com/mp3/291101--____02_06_2024__83fac64a-45dc-498d-9440-306070af20b9.mp4.mp3,https://ta-lectures.s3.us-east-005.backblazeb2.com/mobileres/291101--____02_06_2024__83fac64a-45dc-498d-9440-306070af20b9.mp4,,Asher,Weiss
290940,Parshat Tzav: Saying Korbanot Every Day,2024-03-29,2056,English,Parasha/Torah Portion,Tzav,https://ta-lectures.s3.us-east-005.backblazeb2.com/thumbnails/290940/290940.jpg,https://dl.torahanytime.com/mp3/290940--____02_05_2024__213b498f-75ee-4ccd-954b-1642c02e0d74.mp4.mp3,https://ta-lectures.s3.us-east-005.backblazeb2.com/mobileres/290940--____02_05_2024__213b498f-75ee-4ccd-954b-1642c02e0d74.mp4,,Asher,Weiss
290509,פרשת צו: אמירת קרבנות בכל יום,2024-03-27,2728,Hebrew,Parasha/Torah Portion,Tzav,https://ta-lectures.s3.us-east-005.backblazeb2.com/thumbnails/290509/290509.jpg,https://dl.torahanytime.com/mp3/290509--____02_03_2024__c2280d67-59cd-4e91-8275-20e0a8a6da48.mp4.mp3,https://ta-lectures.s3.us-east-005.backblazeb2.com/mobileres/290509--____02_03_2024__c2280d67-59cd-4e91-8275-20e0a8a6da48.mp4,,Asher,Weiss
289941,מסר קצר לפורים,2024-03-24,650,Hebrew,Holidays,Purim,https://ta-lectures.s3.us-east-005.backblazeb2.com/thumbnails/289941/289941.jpg,https://dl.torahanytime.com/mp3/289941--____02_06_2024__0c193d0f-66f0-4aaf-ae88-4a98579c46ce.mp4.mp3,https://ta-lectures.s3.us-east-005.backblazeb2.com/mobileres/289941--____02_06_2024__0c193d0f-66f0-4aaf-ae88-4a98579c46ce.mp4,,Asher,Weiss
289657,מקרא מגילה בשבת ליחידים ומקרא מגילה בלילה וביום,2024-03-22,3624,Hebrew,Holidays,Purim,https://ta-lectures.s3.us-east-005.backblazeb2.com/thumbnails/289657/289657.jpg,https://dl.torahanytime.com/mp3/289657--____02_04_2024__f9de244b-9257-4f00-bb2b-39172f7b6ec3.mp4.mp3,https://ta-lectures.s3.us-east-005.backblazeb2.com/mobileres/289657--____02_04_2024__f9de244b-9257-4f00-bb2b-39172f7b6ec3.mp4,,Asher,Weiss
289765,Purim: Reading the Megillah Before Nightfall,2024-03-22,2422,English,Holidays,Purim,https://ta-lectures.s3.us-east-005.backblazeb2.com/thumbnails/289765/289765.jpg,https://dl.torahanytime.com/mp3/289765--____02_03_2024__66ba2656-b4f7-4c05-a00b-b9ff9e75caeb.mp4.mp3,https://ta-lectures.s3.us-east-005.backblazeb2.com/mobileres/289765--____02_03_2024__66ba2656-b4f7-4c05-a00b-b9ff9e75caeb.mp4,,Asher,Weiss
289561,Purim: Reading The Megillah on Shabbos after Plag Hamincha,2024-03-21,2654,English,Holidays,Purim,https://ta-lectures.s3.us-east-005.backblazeb2.com/thumbnails/289561/289561.jpg,https://dl.torahanytime.com/mp3/289561--____02_04_2024__053a11e0-10ce-43a9-8c98-a9de29815b27.mp4.mp3,https://ta-lectures.s3.us-east-005.backblazeb2.com/mobileres/289561--____02_04_2024__053a11e0-10ce-43a9-8c98-a9de29815b27.mp4,,Asher,Weiss
287490,Purim: Megillah Reading at Nighttime & Daytime: Which Takes Priority?,2024-03-11,2814,English,Holidays,Purim,https://ta-lectures.s3.us-east-005.backblazeb2.com/thumbnails/287490/287490.jpg,https://dl.torahanytime.com/mp3/287490--____02_01_2024__08b4c010-5a08-4fe9-baa0-d9c8e634f251.mp4.mp3,https://ta-lectures.s3.us-east-005.backblazeb2.com/mobileres/287490--____02_01_2024__08b4c010-5a08-4fe9-baa0-d9c8e634f251.mp4,,Asher,Weiss
287050,Parshat Shekalim: The Mitzvah of Machatzis HaShekel,2024-03-08,2209,English,Parasha/Torah Portion,Shekalim,https://ta-lectures.s3.us-east-005.backblazeb2.com/thumbnails/287050/287050.jpg,https://dl.torahanytime.com/mp3/287050--____02_05_2024__45f262b3-5c1d-421b-8903-a5a8ae12a065.mp4.mp3,https://ta-lectures.s3.us-east-005.backblazeb2.com/mobileres/287050--____02_05_2024__45f262b3-5c1d-421b-8903-a5a8ae12a065.mp4,,Asher,Weiss
286892,מסר קצר לקראת פורים,2024-03-07,402,Hebrew,Holidays,Purim,https://ta-lectures.s3.us-east-005.backblazeb2.com/thumbnails/286892/286892.jpg,https://dl.torahanytime.com/mp3/286892--____02_04_2024__71f9d385-9c7d-430e-bcd1-9f7c47a9d539.mp4.mp3,https://ta-lectures.s3.us-east-005.backblazeb2.com/mobileres/286892--____02_04_2024__71f9d385-9c7d-430e-bcd1-9f7c47a9d539.mp4,,Asher,Weiss
286447,מחצית השקל,2024-03-06,3028,Hebrew,Parasha/Torah Portion,Shekalim,https://ta-lectures.s3.us-east-005.backblazeb2.com/thumbnails/286447/286447.jpg,https://dl.torahanytime.com/mp3/286447--____02_03_2024__eca694a9-e326-4920-88c6-8c130e695603.mp4.mp3,https://ta-lectures.s3.us-east-005.backblazeb2.com/mobileres/286447--____02_03_2024__eca694a9-e326-4920-88c6-8c130e695603.mp4,,Asher,Weiss
285667,Parshat Ki Tisa: Amirah l'Nochri,2024-03-01,2811,English,Parasha/Torah Portion,Ki Tisa,https://ta-lectures.s3.us-east-005.backblazeb2.com/thumbnails/285667/285667.jpg,https://dl.torahanytime.com/mp3/285667--____02_05_2024__259dcd14-4ac5-4442-b2fd-0e0c838b600a.mp4.mp3,https://ta-lectures.s3.us-east-005.backblazeb2.com/mobileres/285667--____02_05_2024__259dcd14-4ac5-4442-b2fd-0e0c838b600a.mp4,,Asher,Weiss
285501,מסר קצר לפרשת כי תשא,2024-02-29,506,Hebrew,Parasha/Torah Portion,Ki Tisa,https://ta-lectures.s3.us-east-005.backblazeb2.com/thumbnails/285501/285501.jpg,https://dl.torahanytime.com/mp3/285501--____01_04_2024__ad0d8a36-cffc-4e97-a039-d4dcb3451486.mp4.mp3,https://ta-lectures.s3.us-east-005.backblazeb2.com/mobileres/285501--____01_04_2024__ad0d8a36-cffc-4e97-a039-d4dcb3451486.mp4,,Asher,Weiss
284947,פרשת כי תשא: אמירה לנכרי,2024-02-28,3126,Hebrew,Parasha/Torah Portion,Ki Tisa,https://ta-lectures.s3.us-east-005.backblazeb2.com/thumbnails/284947/284947.jpg,https://dl.torahanytime.com/mp3/284947--____01_03_2024__bfeb5bb6-3314-421f-9047-5a3b3e1d12a1.mp4.mp3,https://ta-lectures.s3.us-east-005.backblazeb2.com/mobileres/284947--____01_03_2024__bfeb5bb6-3314-421f-9047-5a3b3e1d12a1.mp4,,Asher,Weiss
284195,Hostage Negotiations in Halacha,2024-02-25,2022,English,Response to Tragic Events,,https://ta-lectures.s3.us-east-005.backblazeb2.com/thumbnails/audio.jpg,https://dl.torahanytime.com/mp3/284195--____01_00_2024__c485f361-eb2d-40aa-9c78-1fdf7f40dce3.mp3.mp3,,,Asher,Weiss
284051,Adar Rishon & Adar Sheni,2024-02-23,2431,English,Rosh Chodesh/Jewish Months,Adar,https://ta-lectures.s3.us-east-005.backblazeb2.com/thumbnails/284051/284051.jpg,https://dl.torahanytime.com/mp3/284051--____01_05_2024__a31323a6-9fb1-4b34-b4cd-87e39802f284.mp4.mp3,https://ta-lectures.s3.us-east-005.backblazeb2.com/mobileres/284051--____01_05_2024__a31323a6-9fb1-4b34-b4cd-87e39802f284.mp4,,Asher,Weiss
283905,מסר קצר לחודש אדר,2024-02-22,756,Hebrew,Rosh Chodesh/Jewish Months,Adar,https://ta-lectures.s3.us-east-005.backblazeb2.com/thumbnails/283905/283905.jpg,https://dl.torahanytime.com/mp3/283905--____01_04_2024__a829fddd-7fd0-4cad-a9b6-4fd2c71fd129.mp4.mp3,https://ta-lectures.s3.us-east-005.backblazeb2.com/mobileres/283905--____01_04_2024__a829fddd-7fd0-4cad-a9b6-4fd2c71fd129.mp4,,Asher,Weiss
283440,אדר ראשון ושני - איזה חודש עיקר,2024-02-21,3011,Hebrew,Rosh Chodesh/Jewish Months,Adar,https://ta-lectures.s3.us-east-005.backblazeb2.com/thumbnails/283440/283440.jpg,https://dl.torahanytime.com/mp3/283440--____01_03_2024__cae4bb51-5b58-4d49-bca1-2c8c372d1d00.mp4.mp3,https://ta-lectures.s3.us-east-005.backblazeb2.com/mobileres/283440--____01_03_2024__cae4bb51-5b58-4d49-bca1-2c8c372d1d00.mp4,,Asher,Weiss
283259,Agudah Yerushalayim Yarchei Kallah 5784: Shiur Halacha Lemaaseh,2024-02-20,3654,English,Halacha/Jewish Law,Monetary Halacha,https://ta-lectures.s3.us-east-005.backblazeb2.com/thumbnails/283259/283259.jpg,https://dl.torahanytime.com/mp3/283259--____01_02_2024__1d2c3089-7381-4353-8ed2-fdfc61b1f1e1.mp4.mp3,https://ta-lectures.s3.us-east-005.backblazeb2.com/mobileres/283259--____01_02_2024__1d2c3089-7381-4353-8ed2-fdfc61b1f1e1.mp4,,Asher,Weiss
283345,The Rules of Rendering a Halachic Decision,2024-02-20,3244,English,Halacha/Jewish Law,,https://ta-lectures.s3.us-east-005.backblazeb2.com/thumbnails/283345/283345.jpg,https://dl.torahanytime.com/mp3/283345--____01_02_2024__b5a447f1-0141-4aa5-838d-2f9466619d6d.mp4.mp3,https://ta-lectures.s3.us-east-005.backblazeb2.com/mobileres/283345--____01_02_2024__b5a447f1-0141-4aa5-838d-2f9466619d6d.mp4,,Asher,Weiss
283134,Agudah Yerushalayim Yarchei Kallah 5784: Shiur Hakdama,2024-02-19,3947,English,Jewish Understanding,,https://ta-lectures.s3.us-east-005.backblazeb2.com/thumbnails/283134/283134.jpg,https://dl.torahanytime.com/mp3/283134--____01_01_2024__397b3b6d-578b-4f01-8520-7e251a611048.mp4.mp3,https://ta-lectures.s3.us-east-005.backblazeb2.com/mobileres/283134--____01_01_2024__397b3b6d-578b-4f01-8520-7e251a611048.mp4,,Asher,Weiss
282639,דבר הלכה והתעוררות,2024-02-16,2983,Yiddish,Jewish Understanding,,https://ta-lectures.s3.us-east-005.backblazeb2.com/thumbnails/282639/282639.jpg,https://dl.torahanytime.com/mp3/282639--____01_05_2024__eb6240b6-f635-4cac-b290-65161655f6f8.mp4.mp3,https://ta-lectures.s3.us-east-005.backblazeb2.com/mobileres/282639--____01_05_2024__eb6240b6-f635-4cac-b290-65161655f6f8.mp4,,Asher,Weiss
282302,Parshat Terumah: How to Bring the Shechina Into Our Homes,2024-02-15,1465,English,Parasha/Torah Portion,Terumah,https://ta-lectures.s3.us-east-005.backblazeb2.com/thumbnails/282302/282302.jpg,https://dl.torahanytime.com/mp3/282302--____01_04_2024__b0bee775-2318-473d-9a1f-ce0801e572bb.mp4.mp3,https://ta-lectures.s3.us-east-005.backblazeb2.com/mobileres/282302--____01_04_2024__b0bee775-2318-473d-9a1f-ce0801e572bb.mp4,,Asher,Weiss
281889,Wartime Shailos & Communal Perspectives,2024-02-13,2630,English,Response to Tragic Events,,https://ta-lectures.s3.us-east-005.backblazeb2.com/thumbnails/281889/281889.jpg,https://dl.torahanytime.com/mp3/281889--____01_02_2024__bbbffd41-3757-41fb-9d7e-4d564757b0f3.mp4.mp3,https://ta-lectures.s3.us-east-005.backblazeb2.com/mobileres/281889--____01_02_2024__bbbffd41-3757-41fb-9d7e-4d564757b0f3.mp4,,Asher,Weiss
281447,Do Not Covet & Do Not Desire,2024-02-11,3282,English,Jewish Understanding,,https://ta-lectures.s3.us-east-005.backblazeb2.com/thumbnails/281447/281447.jpg,https://dl.torahanytime.com/mp3/281447--____01_06_2024__1fb09bb9-b3bf-43b7-b5e3-28824705d19f.mp4.mp3,https://ta-lectures.s3.us-east-005.backblazeb2.com/mobileres/281447--____01_06_2024__1fb09bb9-b3bf-43b7-b5e3-28824705d19f.mp4,,Asher,Weiss
281517,קדושת עזרת נשים,2024-02-11,1568,Hebrew,Halacha/Jewish Law,,https://ta-lectures.s3.us-east-005.backblazeb2.com/thumbnails/281517/281517.jpg,https://dl.torahanytime.com/mp3/281517--____01_00_2024__28db900d-ab77-4fc4-a14d-327c87621e6c.mp4.mp3,https://ta-lectures.s3.us-east-005.backblazeb2.com/mobileres/281517--____01_00_2024__28db900d-ab77-4fc4-a14d-327c87621e6c.mp4,,Asher,Weiss
281304,מסר קצר לפרשת משפטים,2024-02-09,719,Hebrew,Parasha/Torah Portion,Mishpatim,https://ta-lectures.s3.us-east-005.backblazeb2.com/thumbnails/281304/281304.jpg,https://dl.torahanytime.com/mp3/281304--____01_05_2024__ce659e5b-a82a-4639-b5e4-435df3e8da24.mp4.mp3,https://ta-lectures.s3.us-east-005.backblazeb2.com/mobileres/281304--____01_05_2024__ce659e5b-a82a-4639-b5e4-435df3e8da24.mp4,,Asher,Weiss
281208,פרשת משפטים: חיובי תשלומין בלי תביעה,2024-02-08,2780,Hebrew,Parasha/Torah Portion,Mishpatim,https://ta-lectures.s3.us-east-005.backblazeb2.com/thumbnails/281208/281208.jpg,https://dl.torahanytime.com/mp3/281208--____01_04_2024__7e49be51-8d1a-4e2b-abd6-7e0466e5299c.mp4.mp3,https://ta-lectures.s3.us-east-005.backblazeb2.com/mobileres/281208--____01_04_2024__7e49be51-8d1a-4e2b-abd6-7e0466e5299c.mp4,,Asher,Weiss
280851,פרשת משפטים: חיובי תשלומין,2024-02-07,2792,Hebrew,Parasha/Torah Portion,Mishpatim,https://ta-lectures.s3.us-east-005.backblazeb2.com/thumbnails/280851/280851.jpg,https://dl.torahanytime.com/mp3/280851--____01_03_2024__8162c348-c044-4480-8f5d-3f52eb6f7ee3.mp4.mp3,https://ta-lectures.s3.us-east-005.backblazeb2.com/mobileres/280851--____01_03_2024__8162c348-c044-4480-8f5d-3f52eb6f7ee3.mp4,,Asher,Weiss
280043,Parshat Yitro: Causing Other's Death Unintentionally,2024-02-02,2714,English,Parasha/Torah Portion,Yitro,https://ta-lectures.s3.us-east-005.backblazeb2.com/thumbnails/280043/280043.jpg,https://dl.torahanytime.com/mp3/280043--____01_05_2024__d85ec6b0-0378-40ba-a2b9-072678188c4a.mp4.mp3,https://ta-lectures.s3.us-east-005.backblazeb2.com/mobileres/280043--____01_05_2024__d85ec6b0-0378-40ba-a2b9-072678188c4a.mp4,,Asher,Weiss
279550,פרשת יתרו: הגורם למוות חבירו בשוגג,2024-01-31,3141,Hebrew,Parasha/Torah Portion,Yitro,https://ta-lectures.s3.us-east-005.backblazeb2.com/thumbnails/279550/279550.jpg,https://dl.torahanytime.com/mp3/279550--____00_03_2024__8117ba59-aaa4-444c-a5c8-ec8da1c91819.mp4.mp3,https://ta-lectures.s3.us-east-005.backblazeb2.com/mobileres/279550--____00_03_2024__8117ba59-aaa4-444c-a5c8-ec8da1c91819.mp4,,Asher,Weiss
278791,Parshat Beshalach: Pikuach Nefesh & Wartime,2024-01-26,2230,English,Parasha/Torah Portion,Beshalach,https://ta-lectures.s3.us-east-005.backblazeb2.com/thumbnails/278791/278791.jpg,https://dl.torahanytime.com/mp3/278791--____00_05_2024__1074a33e-ead8-44d8-a58a-ee2601b31af4.mp4.mp3,https://ta-lectures.s3.us-east-005.backblazeb2.com/mobileres/278791--____00_05_2024__1074a33e-ead8-44d8-a58a-ee2601b31af4.mp4,,Asher,Weiss
278274,"דין מכשירין בעדות קידוש החודש, בפיקוח נפש ובמלחמה אם דוחין שבת",2024-01-24,2978,Hebrew,Halacha/Jewish Law,,https://ta-lectures.s3.us-east-005.backblazeb2.com/thumbnails/278274/278274.jpg,https://dl.torahanytime.com/mp3/278274--____00_03_2024__cafedbb2-37da-464b-8404-9feb63d4a549.mp4.mp3,https://ta-lectures.s3.us-east-005.backblazeb2.com/mobileres/278274--____00_03_2024__cafedbb2-37da-464b-8404-9feb63d4a549.mp4,,Asher,Weiss
278038,Desecrating Shabbos for a Mitzvah,2024-01-23,2148,English,Halacha/Jewish Law,,https://ta-lectures.s3.us-east-005.backblazeb2.com/thumbnails/278038/278038.jpg,https://dl.torahanytime.com/mp3/278038--____00_02_2024__888f3875-2896-4456-b0b5-6ad4e4129c4c.mp4.mp3,https://ta-lectures.s3.us-east-005.backblazeb2.com/mobileres/278038--____00_02_2024__888f3875-2896-4456-b0b5-6ad4e4129c4c.mp4,,Asher,Weiss
277763,War-Related Questions (at Yeshivas Mevaseret),2024-01-21,2689,English,Jewish Understanding,,https://ta-lectures.s3.us-east-005.backblazeb2.com/thumbnails/277763/277763.jpg,https://dl.torahanytime.com/mp3/277763--____00_00_2024__d30a7292-01ac-4c27-a841-df91c1a42513.mp4.mp3,https://ta-lectures.s3.us-east-005.backblazeb2.com/mobileres/277763--____00_00_2024__d30a7292-01ac-4c27-a841-df91c1a42513.mp4,,Asher,Weiss
277471,Parshat Bo: The Mitzvah of Tefillin,2024-01-19,2504,English,Parasha/Torah Portion,Bo,https://ta-lectures.s3.us-east-005.backblazeb2.com/thumbnails/277471/277471.jpg,https://dl.torahanytime.com/mp3/277471--____00_01_2024__61411678-0661-4dab-a80d-223d09b556e8.mp4.mp3,https://ta-lectures.s3.us-east-005.backblazeb2.com/mobileres/277471--____00_01_2024__61411678-0661-4dab-a80d-223d09b556e8.mp4,,Asher,Weiss
276899,פרשת בא: גדר מצות תפילין,2024-01-17,2795,Hebrew,Parasha/Torah Portion,Bo,https://ta-lectures.s3.us-east-005.backblazeb2.com/thumbnails/276899/276899.jpg,https://dl.torahanytime.com/mp3/276899--____00_03_2024__44bb258d-1877-4934-859c-453e4437eab7.mp4.mp3,https://ta-lectures.s3.us-east-005.backblazeb2.com/mobileres/276899--____00_03_2024__44bb258d-1877-4934-859c-453e4437eab7.mp4,,Asher,Weiss
276799,The Essence of The Mitzvah of Tefillin,2024-01-16,2886,English,Jewish Understanding,,https://ta-lectures.s3.us-east-005.backblazeb2.com/thumbnails/276799/276799.jpg,https://dl.torahanytime.com/mp3/276799--____00_02_2024__32b749c9-4c99-43fb-97ee-f645d079f72b.mp4.mp3,https://ta-lectures.s3.us-east-005.backblazeb2.com/mobileres/276799--____00_02_2024__32b749c9-4c99-43fb-97ee-f645d079f72b.mp4,,Asher,Weiss
276090,Parshas Va'eira: Turning a Church into a Shul,2024-01-12,1942,English,Parasha/Torah Portion,Va'eira,https://ta-lectures.s3.us-east-005.backblazeb2.com/thumbnails/276090/276090.jpg,https://dl.torahanytime.com/mp3/276090--____00_05_2024__e14715cd-0f8c-478f-ab25-401b6efddb3c.mp4.mp3,https://ta-lectures.s3.us-east-005.backblazeb2.com/mobileres/276090--____00_05_2024__e14715cd-0f8c-478f-ab25-401b6efddb3c.mp4,,Asher,Weiss
275598,פרשת וארא: האם מותר להיכנס למקום שיש עבודה זרה,2024-01-10,2849,Hebrew,Parasha/Torah Portion,Va'eira,https://ta-lectures.s3.us-east-005.backblazeb2.com/thumbnails/275598/275598.jpg,https://dl.torahanytime.com/mp3/275598--____00_03_2024__197cf630-827f-4434-8c76-2d750b0b5ca2.mp4.mp3,https://ta-lectures.s3.us-east-005.backblazeb2.com/mobileres/275598--____00_03_2024__197cf630-827f-4434-8c76-2d750b0b5ca2.mp4,,Asher,Weiss
275187,דברי הספד על המשגיח הג״ר מתתיהו סלומון זצ״ל,2024-01-08,209,Hebrew,Eulogies/Hespedim,,https://ta-lectures.s3.us-east-005.backblazeb2.com/thumbnails/275187/275187.jpg,https://dl.torahanytime.com/mp3/275187--____00_01_2024__a51df6ba-4237-4c88-b726-53f45b9b2334.mp4.mp3,https://ta-lectures.s3.us-east-005.backblazeb2.com/mobileres/275187--____00_01_2024__a51df6ba-4237-4c88-b726-53f45b9b2334.mp4,,Asher,Weiss
274923,"Hesped on Rav Matisyahu Salomon ZT""L",2024-01-06,717,English,Eulogies/Hespedim,,https://ta-lectures.s3.us-east-005.backblazeb2.com/thumbnails/274923/274923.jpg,https://dl.torahanytime.com/mp3/274923--____00_06_2024__3ffff111-075c-44a2-bde3-15748d0bdbae.mp4.mp3,https://ta-lectures.s3.us-east-005.backblazeb2.com/mobileres/274923--____00_06_2024__3ffff111-075c-44a2-bde3-15748d0bdbae.mp4,,Asher,Weiss
274781,Parshat Shemot: Endangering Oneself to Save Others,2024-01-05,2204,English,Parasha/Torah Portion,Shemot,https://ta-lectures.s3.us-east-005.backblazeb2.com/thumbnails/274781/274781.jpg,https://dl.torahanytime.com/mp3/274781--____00_05_2024__81f3d1e5-3b1e-4e6c-a706-eef35ba2a2a8.mp4.mp3,https://ta-lectures.s3.us-east-005.backblazeb2.com/mobileres/274781--____00_05_2024__81f3d1e5-3b1e-4e6c-a706-eef35ba2a2a8.mp4,,Asher,Weiss
274341,פרשת שמות: להסתכן בשביל להציל את חבירו,2024-01-03,3403,Hebrew,Parasha/Torah Portion,Shemot,https://ta-lectures.s3.us-east-005.backblazeb2.com/thumbnails/274341/274341.jpg,https://dl.torahanytime.com/mp3/274341--____00_03_2024__51cfd339-000f-40ee-bc22-94727dcf3adb.mp4.mp3,https://ta-lectures.s3.us-east-005.backblazeb2.com/mobileres/274341--____00_03_2024__51cfd339-000f-40ee-bc22-94727dcf3adb.mp4,,Asher,Weiss
273504,Parshat Vayechi: Yisachar & Zvulun Agreement,2023-12-29,2807,English,Parasha/Torah Portion,Vayechi,https://ta-lectures.s3.us-east-005.backblazeb2.com/thumbnails/273504/273504.jpg,https://dl.torahanytime.com/mp3/273504--____11_05_2023__1c4e8a95-49f3-4fb5-89bf-391274f7ac4d.mp4.mp3,https://ta-lectures.s3.us-east-005.backblazeb2.com/mobileres/273504--____11_05_2023__1c4e8a95-49f3-4fb5-89bf-391274f7ac4d.mp4,,Asher,Weiss
273057,פרשת ויחי: הסכם יששכר וזבולון,2023-12-27,2021,Hebrew,Parasha/Torah Portion,Vayechi,https://ta-lectures.s3.us-east-005.backblazeb2.com/thumbnails/273057/273057.jpg,https://dl.torahanytime.com/mp3/273057--____11_03_2023__7084b0dc-0a8c-4f43-acc1-a8e1cc3cb4d7.mp4.mp3,https://ta-lectures.s3.us-east-005.backblazeb2.com/mobileres/273057--____11_03_2023__7084b0dc-0a8c-4f43-acc1-a8e1cc3cb4d7.mp4,,Asher,Weiss
272351,Divrei Chizzuk During Challenging Times,2023-12-22,2412,English,Response to Tragic Events,,https://ta-lectures.s3.us-east-005.backblazeb2.com/thumbnails/272351/272351.jpg,https://dl.torahanytime.com/mp3/272351--____11_05_2023__a02077b3-4265-4834-9fd4-db4493dc1341.mp4.mp3,https://ta-lectures.s3.us-east-005.backblazeb2.com/mobileres/272351--____11_05_2023__a02077b3-4265-4834-9fd4-db4493dc1341.mp4,,Asher,Weiss
271862,Halachic Guidance During Wartime,2023-12-20,2837,English,Response to Tragic Events,,https://ta-lectures.s3.us-east-005.backblazeb2.com/thumbnails/271862/271862.jpg,https://dl.torahanytime.com/mp3/271862--____11_03_2023__76270bfe-e2d7-473a-b432-f3320707c80e.mp4.mp3,https://ta-lectures.s3.us-east-005.backblazeb2.com/mobileres/271862--____11_03_2023__76270bfe-e2d7-473a-b432-f3320707c80e.mp4,,Asher,Weiss
270582,דיני הלל בחנוכה,2023-12-13,2727,Hebrew,Holidays,Chanukah,https://ta-lectures.s3.us-east-005.backblazeb2.com/thumbnails/270582/270582.jpg,https://dl.torahanytime.com/mp3/270582--____11_03_2023__15d8999d-d40f-4f8d-9b53-429b11ecfbca.mp4.mp3,https://ta-lectures.s3.us-east-005.backblazeb2.com/mobileres/270582--____11_03_2023__15d8999d-d40f-4f8d-9b53-429b11ecfbca.mp4,,Asher,Weiss
270207,שיחת חיזוק והתעוררות בעקבות המצב בארץ ישראל,2023-12-11,2492,Hebrew,Response to Tragic Events,,https://ta-lectures.s3.us-east-005.backblazeb2.com/thumbnails/270207/270207.jpg,https://dl.torahanytime.com/mp3/270207--____11_01_2023__e249211e-6c63-409e-b122-78b02041545e.mp4.mp3,https://ta-lectures.s3.us-east-005.backblazeb2.com/mobileres/270207--____11_01_2023__e249211e-6c63-409e-b122-78b02041545e.mp4,,Asher,Weiss
270022,Divrei Chizzuk for Chanukah,2023-12-10,935,English,Holidays,Chanukah,https://ta-lectures.s3.us-east-005.backblazeb2.com/thumbnails/270022/270022.jpg,https://dl.torahanytime.com/mp3/270022--____11_00_2023__af46033e-add6-4314-87a2-56b0ea84986c.mp4.mp3,https://ta-lectures.s3.us-east-005.backblazeb2.com/mobileres/270022--____11_00_2023__af46033e-add6-4314-87a2-56b0ea84986c.mp4,,Asher,Weiss
269888,The Mitzvah of Ner Chanukah,2023-12-08,2592,English,Holidays,Chanukah,https://ta-lectures.s3.us-east-005.backblazeb2.com/thumbnails/269888/269888.jpg,https://dl.torahanytime.com/mp3/269888--____11_05_2023__b4a5eac6-5be6-45bd-8378-d2c864c8b108.mp4.mp3,https://ta-lectures.s3.us-east-005.backblazeb2.com/mobileres/269888--____11_05_2023__b4a5eac6-5be6-45bd-8378-d2c864c8b108.mp4,,Asher,Weiss
269334,הדלקת נרות חנוכה בזמן מלחמה,2023-12-06,3130,Hebrew,Holidays,Chanukah,https://ta-lectures.s3.us-east-005.backblazeb2.com/thumbnails/269334/269334.jpg,https://dl.torahanytime.com/mp3/269334--____11_03_2023__6247da18-a1ed-4dff-939c-96f1d05e80a0.mp4.mp3,https://ta-lectures.s3.us-east-005.backblazeb2.com/mobileres/269334--____11_03_2023__6247da18-a1ed-4dff-939c-96f1d05e80a0.mp4,,Asher,Weiss
269470,Lighting Chanukah Candles in Shul,2023-12-06,3422,English,Holidays,Chanukah,https://ta-lectures.s3.us-east-005.backblazeb2.com/thumbnails/269470/269470.jpg,https://dl.torahanytime.com/mp3/269470--____11_03_2023__cd22dff5-f7af-4266-a1f8-016e34561793.mp4.mp3,https://ta-lectures.s3.us-east-005.backblazeb2.com/mobileres/269470--____11_03_2023__cd22dff5-f7af-4266-a1f8-016e34561793.mp4,,Asher,Weiss
269026,Endangering Others to Save Yourself,2023-12-03,3204,English,Response to Tragic Events,,https://ta-lectures.s3.us-east-005.backblazeb2.com/thumbnails/269026/269026.jpg,https://dl.torahanytime.com/mp3/269026--____11_01_2023__4fb11228-3f88-4dbe-94c4-8de44cc0d659.mp4.mp3,https://ta-lectures.s3.us-east-005.backblazeb2.com/mobileres/269026--____11_01_2023__4fb11228-3f88-4dbe-94c4-8de44cc0d659.mp4,,Asher,Weiss
268552,Parshat Vayishlach: Releasing Terrorists for Hostages,2023-11-30,2865,English,Parasha/Torah Portion,Vayishlach,https://ta-lectures.s3.us-east-005.backblazeb2.com/thumbnails/268552/268552.jpg,https://dl.torahanytime.com/mp3/268552--____11_05_2023__4af6bb1f-90a6-409c-b45a-be5b3ce58841.mp4.mp3,https://ta-lectures.s3.us-east-005.backblazeb2.com/mobileres/268552--____11_05_2023__4af6bb1f-90a6-409c-b45a-be5b3ce58841.mp4,,Asher,Weiss
268259,פרשת וישלח: פדיון שבויים,2023-11-29,3200,Hebrew,Parasha/Torah Portion,Vayishlach,https://ta-lectures.s3.us-east-005.backblazeb2.com/thumbnails/268259/268259.jpg,https://dl.torahanytime.com/mp3/268259--____10_04_2023__4feb0e5c-3bda-40fe-8348-16663e22363a.mp4.mp3,https://ta-lectures.s3.us-east-005.backblazeb2.com/mobileres/268259--____10_04_2023__4feb0e5c-3bda-40fe-8348-16663e22363a.mp4,,Asher,Weiss
267611,חטופים בהלכה: הלכות פדיון שבויים,2023-11-26,3237,Hebrew,Response to Tragic Events,,https://ta-lectures.s3.us-east-005.backblazeb2.com/thumbnails/267611/267611.jpg,https://dl.torahanytime.com/mp3/267611--____10_01_2023__32b15906-c611-43f5-be8b-58e0c8b0adad.mp4.mp3,https://ta-lectures.s3.us-east-005.backblazeb2.com/mobileres/267611--____10_01_2023__32b15906-c611-43f5-be8b-58e0c8b0adad.mp4,,Asher,Weiss
267430,Pidyon Shvuyim in Halachah,2023-11-25,2844,English,Response to Tragic Events,,https://ta-lectures.s3.us-east-005.backblazeb2.com/thumbnails/audio.jpg,https://dl.torahanytime.com/mp3/267430--____10_00_2023__a58b3c4c-98d2-4efb-bf3b-b50da9aa11c9.mp3.mp3,,,Asher,Weiss
267237,Parshat Vayeitzei: Sheva Brachos without the Kallah,2023-11-23,2082,English,Parasha/Torah Portion,Vayetzei,https://ta-lectures.s3.us-east-005.backblazeb2.com/thumbnails/267237/267237.jpg,https://dl.torahanytime.com/mp3/267237--____10_05_2023__84a22324-ba9d-4d14-b299-2bb584495168.mp4.mp3,https://ta-lectures.s3.us-east-005.backblazeb2.com/mobileres/267237--____10_05_2023__84a22324-ba9d-4d14-b299-2bb584495168.mp4,,Asher,Weiss
266948,פרשת ויצא: ברכות נישואין,2023-11-22,3189,Hebrew,Parasha/Torah Portion,Vayetzei,https://ta-lectures.s3.us-east-005.backblazeb2.com/thumbnails/266948/266948.jpg,https://dl.torahanytime.com/mp3/266948--____10_04_2023__6b6aa9ac-db04-4e9b-a823-9e0a1f3c7971.mp4.mp3,https://ta-lectures.s3.us-east-005.backblazeb2.com/mobileres/266948--____10_04_2023__6b6aa9ac-db04-4e9b-a823-9e0a1f3c7971.mp4,,Asher,Weiss
266018,Apostasy in Halacha,2023-11-17,3127,English,Jewish Understanding,,https://ta-lectures.s3.us-east-005.backblazeb2.com/thumbnails/266018/266018.jpg,https://dl.torahanytime.com/mp3/266018--____10_06_2023__8301fe0c-f741-44c3-9bc1-cdf013413730.mp4.mp3,https://ta-lectures.s3.us-east-005.backblazeb2.com/mobileres/266018--____10_06_2023__8301fe0c-f741-44c3-9bc1-cdf013413730.mp4,,Asher,Weiss
265883,Parshat Toldot: Indirectly Causing an Obstacle,2023-11-16,2671,English,Parasha/Torah Portion,Toldot,https://ta-lectures.s3.us-east-005.backblazeb2.com/thumbnails/265883/265883.jpg,https://dl.torahanytime.com/mp3/265883--____10_05_2023__035118b1-bcf3-4286-adc2-0f72e678217e.mp4.mp3,https://ta-lectures.s3.us-east-005.backblazeb2.com/mobileres/265883--____10_05_2023__035118b1-bcf3-4286-adc2-0f72e678217e.mp4,,Asher,Weiss
265760,מצוות תלמוד תורה בשעת מלחמה,2023-11-15,2033,Hebrew,Response to Tragic Events,,https://ta-lectures.s3.us-east-005.backblazeb2.com/thumbnails/265760/265760.jpg,https://dl.torahanytime.com/mp3/265760--____10_04_2023__32134c09-77cd-41e3-be0c-8090bbf646d8.mp4.mp3,https://ta-lectures.s3.us-east-005.backblazeb2.com/mobileres/265760--____10_04_2023__32134c09-77cd-41e3-be0c-8090bbf646d8.mp4,,Asher,Weiss
265503,פרשת תולדות: לפני עיוור לא תתן מכשול,2023-11-14,3103,Hebrew,Parasha/Torah Portion,Toldot,https://ta-lectures.s3.us-east-005.backblazeb2.com/thumbnails/265503/265503.jpg,https://dl.torahanytime.com/mp3/265503--____10_03_2023__1095c88c-cb05-4f83-baca-e21ac5239409.mp4.mp3,https://ta-lectures.s3.us-east-005.backblazeb2.com/mobileres/265503--____10_03_2023__1095c88c-cb05-4f83-baca-e21ac5239409.mp4,,Asher,Weiss
264618,Parshas Chayei Sara: The Mitzvah of Teffilah,2023-11-09,2111,English,Parasha/Torah Portion,Chayei Sarah,https://ta-lectures.s3.us-east-005.backblazeb2.com/thumbnails/264618/264618.jpg,https://dl.torahanytime.com/mp3/264618--____10_05_2023__e041c48f-4e0b-493d-919b-d421016940af.mp4.mp3,https://ta-lectures.s3.us-east-005.backblazeb2.com/mobileres/264618--____10_05_2023__e041c48f-4e0b-493d-919b-d421016940af.mp4,,Asher,Weiss
264503,פרשת חיי שרה: מצוות תפילה,2023-11-08,3162,Hebrew,Parasha/Torah Portion,Chayei Sarah,https://ta-lectures.s3.us-east-005.backblazeb2.com/thumbnails/264503/264503.jpg,https://dl.torahanytime.com/mp3/264503--____10_04_2023__c25defa1-4168-4b26-b55f-3103423b94b1.mp4.mp3,https://ta-lectures.s3.us-east-005.backblazeb2.com/mobileres/264503--____10_04_2023__c25defa1-4168-4b26-b55f-3103423b94b1.mp4,,Asher,Weiss
263510,דברי הספד על הגאון ר׳ ברוך מרדכי אזרחי זצ״ל,2023-11-04,588,Hebrew,Eulogies/Hespedim,,https://ta-lectures.s3.us-east-005.backblazeb2.com/thumbnails/263510/263510.jpg,https://dl.torahanytime.com/mp3/263510--____10_06_2023__6048644a-7ed9-4da6-b596-a5f04bdaf6a7.mp4.mp3,https://ta-lectures.s3.us-east-005.backblazeb2.com/mobileres/263510--____10_06_2023__6048644a-7ed9-4da6-b596-a5f04bdaf6a7.mp4,,Asher,Weiss
263365,Short Thought on Parshat Vayeira: The Phoenix Bird,2023-11-02,539,English,Parasha/Torah Portion,Vayeira,https://ta-lectures.s3.us-east-005.backblazeb2.com/thumbnails/263365/263365.jpg,https://dl.torahanytime.com/mp3/263365--____10_05_2023__223f02c9-63b0-4477-b006-898036c5b61d.mp4.mp3,https://ta-lectures.s3.us-east-005.backblazeb2.com/mobileres/263365--____10_05_2023__223f02c9-63b0-4477-b006-898036c5b61d.mp4,,Asher,Weiss
263122,"פרשת וירא: קשירת ציצית ע""י נשים וקטנים בשעת הדחק",2023-11-01,2505,Hebrew,Parasha/Torah Portion,Vayeira,https://ta-lectures.s3.us-east-005.backblazeb2.com/thumbnails/263122/263122.jpg,https://dl.torahanytime.com/mp3/263122--____10_04_2023__02742add-9717-4297-a3b9-b88a7710ecac.mp4.mp3,https://ta-lectures.s3.us-east-005.backblazeb2.com/mobileres/263122--____10_04_2023__02742add-9717-4297-a3b9-b88a7710ecac.mp4,,Asher,Weiss
262967,The Special Obligation of Talmud Torah during Wartime,2023-10-31,2820,English,Response to Tragic Events,,https://ta-lectures.s3.us-east-005.backblazeb2.com/thumbnails/262967/262967.jpg,https://dl.torahanytime.com/mp3/262967--____10_03_2023__2e379e74-5155-4bc0-99a6-d14ad1960be8.mp4.mp3,https://ta-lectures.s3.us-east-005.backblazeb2.com/mobileres/262967--____10_03_2023__2e379e74-5155-4bc0-99a6-d14ad1960be8.mp4,,Asher,Weiss
262559,Preemptive Self Defense in Halacha,2023-10-29,2206,English,Response to Tragic Events,,https://ta-lectures.s3.us-east-005.backblazeb2.com/thumbnails/262559/262559.jpg,https://dl.torahanytime.com/mp3/262559--____09_01_2023__06f114db-7ce7-4c3c-95b7-59684dae39eb.mp4.mp3,https://ta-lectures.s3.us-east-005.backblazeb2.com/mobileres/262559--____09_01_2023__06f114db-7ce7-4c3c-95b7-59684dae39eb.mp4,,Asher,Weiss
262258,"Hesped for Rav Baruch Mordechai Ezrachi ZT""L",2023-10-28,324,English,Eulogies/Hespedim,,https://ta-lectures.s3.us-east-005.backblazeb2.com/thumbnails/262258/262258.jpg,https://dl.torahanytime.com/mp3/262258--____09_00_2023__5f0e5082-aa38-444b-bda3-cc4f4b742e84.mp4.mp3,https://ta-lectures.s3.us-east-005.backblazeb2.com/mobileres/262258--____09_00_2023__5f0e5082-aa38-444b-bda3-cc4f4b742e84.mp4,,Asher,Weiss
262065,Thoughts on Lech Lecha & The War in Israel,2023-10-26,1734,English,Parasha/Torah Portion,Lech Lecha,https://ta-lectures.s3.us-east-005.backblazeb2.com/thumbnails/262065/262065.jpg,https://dl.torahanytime.com/mp3/262065--____09_05_2023__f17de31a-475f-4352-84ea-ab21b35a4822.mp4.mp3,https://ta-lectures.s3.us-east-005.backblazeb2.com/mobileres/262065--____09_05_2023__f17de31a-475f-4352-84ea-ab21b35a4822.mp4,,Asher,Weiss
261815,Halachos of Redeeming Captives of War,2023-10-25,2359,English,Response to Tragic Events,,https://ta-lectures.s3.us-east-005.backblazeb2.com/thumbnails/261815/261815.jpg,https://dl.torahanytime.com/mp3/261815--____09_04_2023__5af8ccd6-da96-49d1-9923-736d64b6a6bb.mp4.mp3,https://ta-lectures.s3.us-east-005.backblazeb2.com/mobileres/261815--____09_04_2023__5af8ccd6-da96-49d1-9923-736d64b6a6bb.mp4,,Asher,Weiss
261633,פרשת לך לך: קנין קרקע בהליכה,2023-10-24,2502,Hebrew,Parasha/Torah Portion,Lech Lecha,https://ta-lectures.s3.us-east-005.backblazeb2.com/thumbnails/261633/261633.jpg,https://dl.torahanytime.com/mp3/261633--____09_03_2023__34816b38-ca8c-42cb-8530-6d5b64fce3a1.mp4.mp3,https://ta-lectures.s3.us-east-005.backblazeb2.com/mobileres/261633--____09_03_2023__34816b38-ca8c-42cb-8530-6d5b64fce3a1.mp4,,Asher,Weiss
261304,Divrei Chizzuk to Kehal Adas Yisroel in Berlin,2023-10-22,1601,English,Response to Tragic Events,,https://ta-lectures.s3.us-east-005.backblazeb2.com/thumbnails/261304/261304.jpg,https://dl.torahanytime.com/mp3/261304--____09_01_2023__789ea83a-6648-4a4b-9797-5e1199a79e7c.mp4.mp3,https://ta-lectures.s3.us-east-005.backblazeb2.com/mobileres/261304--____09_01_2023__789ea83a-6648-4a4b-9797-5e1199a79e7c.mp4,,Asher,Weiss
260833,The Mitzvah not to be Afraid during War,2023-10-19,2512,English,Response to Tragic Events,,https://ta-lectures.s3.us-east-005.backblazeb2.com/thumbnails/260833/260833.jpg,https://dl.torahanytime.com/mp3/260833--____09_05_2023__9418007d-a673-4263-8299-8305093e97ac.mp4.mp3,https://ta-lectures.s3.us-east-005.backblazeb2.com/mobileres/260833--____09_05_2023__9418007d-a673-4263-8299-8305093e97ac.mp4,,Asher,Weiss
260694,דיני מצור ושבת בשעת מלחמה,2023-10-18,2927,Hebrew,Response to Tragic Events,,https://ta-lectures.s3.us-east-005.backblazeb2.com/thumbnails/260694/260694.jpg,https://dl.torahanytime.com/mp3/260694--____09_04_2023__7281df88-3dc1-407d-98b6-33c24ff52f82.mp4.mp3,https://ta-lectures.s3.us-east-005.backblazeb2.com/mobileres/260694--____09_04_2023__7281df88-3dc1-407d-98b6-33c24ff52f82.mp4,,Asher,Weiss
260158,המצווה לא לפחד בשעת מלחמה,2023-10-16,3688,Hebrew,Response to Tragic Events,,https://ta-lectures.s3.us-east-005.backblazeb2.com/thumbnails/260158/260158.jpg,https://dl.torahanytime.com/mp3/260158--____09_02_2023__a38f7fc8-8c30-4a3a-96d3-4889e1a5e90a.mp4.mp3,https://ta-lectures.s3.us-east-005.backblazeb2.com/mobileres/260158--____09_02_2023__a38f7fc8-8c30-4a3a-96d3-4889e1a5e90a.mp4,,Asher,Weiss
259919,Halachos of Waging War (Agudah Yarchei Kallah),2023-10-14,3690,English,Response to Tragic Events,,https://ta-lectures.s3.us-east-005.backblazeb2.com/thumbnails/259919/259919.jpg,https://dl.torahanytime.com/mp3/259919--____09_00_2023__0c530962-a845-43d2-b55d-da90d8d3e047.mp4.mp3,https://ta-lectures.s3.us-east-005.backblazeb2.com/mobileres/259919--____09_00_2023__0c530962-a845-43d2-b55d-da90d8d3e047.mp4,,Asher,Weiss
259774,דברי חיזוק לקהילת נווה שבדרום ארץ ישראל,2023-10-13,2635,Hebrew,Response to Tragic Events,,https://ta-lectures.s3.us-east-005.backblazeb2.com/thumbnails/259774/259774.jpg,https://dl.torahanytime.com/mp3/259774--____09_06_2023__a90dde75-dc93-4828-8e8f-364341e4f829.mp4.mp3,https://ta-lectures.s3.us-east-005.backblazeb2.com/mobileres/259774--____09_06_2023__a90dde75-dc93-4828-8e8f-364341e4f829.mp4,,Asher,Weiss
259548,Halachos of Shabbos During a War,2023-10-12,2980,English,Response to Tragic Events,,https://ta-lectures.s3.us-east-005.backblazeb2.com/thumbnails/259548/259548.jpg,https://dl.torahanytime.com/mp3/259548--____09_02_2023__c498da7e-0440-4c8c-88d4-6d96faacdab6.mp4.mp3,https://ta-lectures.s3.us-east-005.backblazeb2.com/mobileres/259548--____09_02_2023__c498da7e-0440-4c8c-88d4-6d96faacdab6.mp4,,Asher,Weiss
259660,Waging War on Shabbos & Divrei Chizuk,2023-10-12,2474,English,Response to Tragic Events,,https://ta-lectures.s3.us-east-005.backblazeb2.com/thumbnails/259660/259660.jpg,https://dl.torahanytime.com/mp3/259660--____09_05_2023__15889548-350d-4607-bc2f-b4aae310d991.mp4.mp3,https://ta-lectures.s3.us-east-005.backblazeb2.com/mobileres/259660--____09_05_2023__15889548-350d-4607-bc2f-b4aae310d991.mp4,,Asher,Weiss
259416,פרשת בראשית: מצוות פריה ורביה,2023-10-11,3262,Hebrew,Parasha/Torah Portion,Bereishit,https://ta-lectures.s3.us-east-005.backblazeb2.com/thumbnails/259416/259416.jpg,https://dl.torahanytime.com/mp3/259416--____09_04_2023__362fe312-d0da-447e-ad4d-0a03844490a5.mp4.mp3,https://ta-lectures.s3.us-east-005.backblazeb2.com/mobileres/259416--____09_04_2023__362fe312-d0da-447e-ad4d-0a03844490a5.mp4,,Asher,Weiss
259241,Chizzuk In Light of The War in Eretz Yisrael,2023-10-10,3216,English,Response to Tragic Events,,https://ta-lectures.s3.us-east-005.backblazeb2.com/thumbnails/audio.jpg,https://dl.torahanytime.com/mp3/259241--____09_03_2023__f89a8683-a3c3-43b4-8d35-97531620d6d8.mp3.mp3,,,Asher,Weiss
259121,דברי חיזוק בעקבות המלחמה הקשה בארץ ישראל,2023-10-09,2567,Hebrew,Response to Tragic Events,,https://ta-lectures.s3.us-east-005.backblazeb2.com/thumbnails/259121/259121.jpg,https://dl.torahanytime.com/mp3/259121--____09_02_2023__f6c5da3e-242a-4d13-af54-71a3dba5c8a7.mp4.mp3,https://ta-lectures.s3.us-east-005.backblazeb2.com/mobileres/259121--____09_02_2023__f6c5da3e-242a-4d13-af54-71a3dba5c8a7.mp4,,Asher,Weiss
258845,"דברי חיזוק והתעוררות בעקבות הפיגוע בשמחת תורה התשפ""ד",2023-10-07,668,Hebrew,Response to Tragic Events,,https://ta-lectures.s3.us-east-005.backblazeb2.com/thumbnails/258845/258845.jpg,https://dl.torahanytime.com/mp3/258845--____09_00_2023__128cc0a4-2ce4-4880-acab-1eaae1bfd642.mp4.mp3,https://ta-lectures.s3.us-east-005.backblazeb2.com/mobileres/258845--____09_00_2023__128cc0a4-2ce4-4880-acab-1eaae1bfd642.mp4,,Asher,Weiss
258622,סוכות: לולב היבש ודבר המסור לחכמים,2023-10-04,3848,Hebrew,Holidays,Sukkot,https://ta-lectures.s3.us-east-005.backblazeb2.com/thumbnails/258622/258622.jpg,https://dl.torahanytime.com/mp3/258622--____09_04_2023__7b7067c2-e360-4cfb-ad68-38343ade8da3.mp4.mp3,https://ta-lectures.s3.us-east-005.backblazeb2.com/mobileres/258622--____09_04_2023__7b7067c2-e360-4cfb-ad68-38343ade8da3.mp4,,Asher,Weiss
258487,מסר קצר לימי הסוכות,2023-10-03,657,Hebrew,Holidays,Sukkot,https://ta-lectures.s3.us-east-005.backblazeb2.com/thumbnails/258487/258487.jpg,https://dl.torahanytime.com/mp3/258487--____09_03_2023__f512384d-0c72-4dbf-bddf-fcd3c0c69b3a.mp4.mp3,https://ta-lectures.s3.us-east-005.backblazeb2.com/mobileres/258487--____09_03_2023__f512384d-0c72-4dbf-bddf-fcd3c0c69b3a.mp4,,Asher,Weiss
258336,סוכות: אתרוג שנשתנה מראהו מחמת משמוש,2023-10-02,4015,Hebrew,Holidays,Sukkot,https://ta-lectures.s3.us-east-005.backblazeb2.com/thumbnails/258336/258336.jpg,https://dl.torahanytime.com/mp3/258336--____09_02_2023__9bf23690-ce6c-4708-985a-617b8a0c64e0.mp4.mp3,https://ta-lectures.s3.us-east-005.backblazeb2.com/mobileres/258336--____09_02_2023__9bf23690-ce6c-4708-985a-617b8a0c64e0.mp4,,Asher,Weiss
257945,"Hiddur Mitzvah for Sukkah, Lulav and Esrog",2023-09-27,3930,English,Holidays,Sukkot,https://ta-lectures.s3.us-east-005.backblazeb2.com/thumbnails/audio.jpg,https://dl.torahanytime.com/mp3/257945--____08_04_2023__ae406834-94d0-4f85-80f8-35ec07e1bdb2.mp3.mp3,,,Asher,Weiss
257843,הקשר בין חג הסוכות לימים נוראים,2023-09-26,754,Hebrew,Holidays,Sukkot,https://ta-lectures.s3.us-east-005.backblazeb2.com/thumbnails/257843/257843.jpg,https://dl.torahanytime.com/mp3/257843--____08_03_2023__b27688a8-1b2a-4cd9-9dbb-1af48ca1f845.mp4.mp3,https://ta-lectures.s3.us-east-005.backblazeb2.com/mobileres/257843--____08_03_2023__b27688a8-1b2a-4cd9-9dbb-1af48ca1f845.mp4,,Asher,Weiss
257443,Short Thought on Yom Kippur,2023-09-23,816,English,Holidays,Yom Kippur,https://ta-lectures.s3.us-east-005.backblazeb2.com/thumbnails/257443/257443.jpg,https://dl.torahanytime.com/mp3/257443--____08_00_2023__d7794fce-cc5d-4824-9425-a02286bf8c57.mp4.mp3,https://ta-lectures.s3.us-east-005.backblazeb2.com/mobileres/257443--____08_00_2023__d7794fce-cc5d-4824-9425-a02286bf8c57.mp4,,Asher,Weiss
257311,Yom Kippur: Sick People Fasting,2023-09-21,2839,English,Holidays,Yom Kippur,https://ta-lectures.s3.us-east-005.backblazeb2.com/thumbnails/257311/257311.jpg,https://dl.torahanytime.com/mp3/257311--____08_05_2023__2a9f4d69-c7d0-421b-a352-92193fc94887.mp4.mp3,https://ta-lectures.s3.us-east-005.backblazeb2.com/mobileres/257311--____08_05_2023__2a9f4d69-c7d0-421b-a352-92193fc94887.mp4,,Asher,Weiss
257006,"כנס להלכות צום יום הכיפורים לחולים: הרב אשר וייס, פרופסר יונתן הלוי ועוד",2023-09-20,5001,Hebrew,Holidays,Yom Kippur,https://ta-lectures.s3.us-east-005.backblazeb2.com/thumbnails/257006/257006.jpg,https://dl.torahanytime.com/mp3/257006--____08_04_2023__2130c050-9b60-4cbb-9ab8-24a358aed6dd.mp4.mp3,https://ta-lectures.s3.us-east-005.backblazeb2.com/mobileres/257006--____08_04_2023__2130c050-9b60-4cbb-9ab8-24a358aed6dd.mp4,,Asher,Weiss
256027,ראש השנה: תקיעת שופר בשבת,2023-09-13,2911,Hebrew,Holidays,Rosh Hashanah,https://ta-lectures.s3.us-east-005.backblazeb2.com/thumbnails/256027/256027.jpg,https://dl.torahanytime.com/mp3/256027--____08_04_2023__afc1a618-8a41-4034-bb13-44145cebd3d6.mp4.mp3,https://ta-lectures.s3.us-east-005.backblazeb2.com/mobileres/256027--____08_04_2023__afc1a618-8a41-4034-bb13-44145cebd3d6.mp4,,Asher,Weiss
256072,Rosh Hashanah on Shabbos: Shofar Blowing,2023-09-13,2000,English,Holidays,Rosh Hashanah,https://ta-lectures.s3.us-east-005.backblazeb2.com/thumbnails/256072/256072.jpg,https://dl.torahanytime.com/mp3/256072--____08_04_2023__2ad9c61d-5718-4bb2-8e37-bddd08bf55b5.mp4.mp3,https://ta-lectures.s3.us-east-005.backblazeb2.com/mobileres/256072--____08_04_2023__2ad9c61d-5718-4bb2-8e37-bddd08bf55b5.mp4,,Asher,Weiss
256184,ראש השנה שחל להיות בשבת,2023-09-13,3156,Hebrew,Holidays,Rosh Hashanah,https://ta-lectures.s3.us-east-005.backblazeb2.com/thumbnails/256184/256184.jpg,https://dl.torahanytime.com/mp3/256184--____08_04_2023__e052aa00-2407-47d4-bcbb-1f4c2bcab348.mp4.mp3,https://ta-lectures.s3.us-east-005.backblazeb2.com/mobileres/256184--____08_04_2023__e052aa00-2407-47d4-bcbb-1f4c2bcab348.mp4,,Asher,Weiss
255343,מסר קצר לימי הסליחות,2023-09-09,925,Hebrew,Holidays,Rosh Hashanah,https://ta-lectures.s3.us-east-005.backblazeb2.com/thumbnails/255343/255343.jpg,https://dl.torahanytime.com/mp3/255343--____08_00_2023__7e03032a-cbcb-4633-9242-ccc2af248980.mp4.mp3,https://ta-lectures.s3.us-east-005.backblazeb2.com/mobileres/255343--____08_00_2023__7e03032a-cbcb-4633-9242-ccc2af248980.mp4,,Asher,Weiss
255210,Short Thought on Selichos,2023-09-08,322,English,Rosh Chodesh/Jewish Months,Elul,https://ta-lectures.s3.us-east-005.backblazeb2.com/thumbnails/255210/255210.jpg,https://dl.torahanytime.com/mp3/255210--____08_06_2023__506b4606-02dc-46bb-bd9b-bc36f592454a.mp4.mp3,https://ta-lectures.s3.us-east-005.backblazeb2.com/mobileres/255210--____08_06_2023__506b4606-02dc-46bb-bd9b-bc36f592454a.mp4,,Asher,Weiss
255105,Selichos: Davening to Malachim,2023-09-07,2087,English,Rosh Chodesh/Jewish Months,Elul,https://ta-lectures.s3.us-east-005.backblazeb2.com/thumbnails/255105/255105.jpg,https://dl.torahanytime.com/mp3/255105--____08_05_2023__e8c72e5c-8d51-41ca-be4b-d43c849b2d1c.mp4.mp3,https://ta-lectures.s3.us-east-005.backblazeb2.com/mobileres/255105--____08_05_2023__e8c72e5c-8d51-41ca-be4b-d43c849b2d1c.mp4,,Asher,Weiss
254793,שבת סליחות - פניה למלאכי השרת,2023-09-05,2916,Hebrew,Rosh Chodesh/Jewish Months,Elul,https://ta-lectures.s3.us-east-005.backblazeb2.com/thumbnails/254793/254793.jpg,https://dl.torahanytime.com/mp3/254793--____08_03_2023__92afcaed-933f-40b3-948b-f6f1d63b71ad.mp4.mp3,https://ta-lectures.s3.us-east-005.backblazeb2.com/mobileres/254793--____08_03_2023__92afcaed-933f-40b3-948b-f6f1d63b71ad.mp4,,Asher,Weiss
254215,Short Thought on Chodesh Elul 2,2023-09-02,204,English,Rosh Chodesh/Jewish Months,Elul,https://ta-lectures.s3.us-east-005.backblazeb2.com/thumbnails/254215/254215.jpg,https://dl.torahanytime.com/mp3/254215--____08_00_2023__91b107f5-a798-470e-a09d-b9e779fb2a7e.mp4.mp3,https://ta-lectures.s3.us-east-005.backblazeb2.com/mobileres/254215--____08_00_2023__91b107f5-a798-470e-a09d-b9e779fb2a7e.mp4,,Asher,Weiss
254040,Parshat Ki Tavo: Brachos in Halacha,2023-08-31,2263,English,Parasha/Torah Portion,Ki Tavo,https://ta-lectures.s3.us-east-005.backblazeb2.com/thumbnails/254040/254040.jpg,https://dl.torahanytime.com/mp3/254040--____08_05_2023__78b6699d-d3ea-45a5-9314-b0e523c33560.mp4.mp3,https://ta-lectures.s3.us-east-005.backblazeb2.com/mobileres/254040--____08_05_2023__78b6699d-d3ea-45a5-9314-b0e523c33560.mp4,,Asher,Weiss
253844,פרשת כי תבא: גדרי הברכות,2023-08-30,2490,Hebrew,Parasha/Torah Portion,Ki Tavo,https://ta-lectures.s3.us-east-005.backblazeb2.com/thumbnails/253844/253844.jpg,https://dl.torahanytime.com/mp3/253844--____07_04_2023__08c38af1-27a1-46fe-a018-288c9f4cec0a.mp4.mp3,https://ta-lectures.s3.us-east-005.backblazeb2.com/mobileres/253844--____07_04_2023__08c38af1-27a1-46fe-a018-288c9f4cec0a.mp4,,Asher,Weiss
253286,מסר קצר לחודש אלול,2023-08-27,664,Hebrew,Rosh Chodesh/Jewish Months,Elul,https://ta-lectures.s3.us-east-005.backblazeb2.com/thumbnails/253286/253286.jpg,https://dl.torahanytime.com/mp3/253286--____07_01_2023__caf78ce3-fc4f-47d6-be57-068e4c5b51d1.mp4.mp3,https://ta-lectures.s3.us-east-005.backblazeb2.com/mobileres/253286--____07_01_2023__caf78ce3-fc4f-47d6-be57-068e4c5b51d1.mp4,,Asher,Weiss
253177,Short Thought on Chodesh Elul,2023-08-26,747,English,Rosh Chodesh/Jewish Months,Elul,https://ta-lectures.s3.us-east-005.backblazeb2.com/thumbnails/253177/253177.jpg,https://dl.torahanytime.com/mp3/253177--____07_00_2023__03ea76bd-13c6-4743-9730-56183d0fce11.mp4.mp3,https://ta-lectures.s3.us-east-005.backblazeb2.com/mobileres/253177--____07_00_2023__03ea76bd-13c6-4743-9730-56183d0fce11.mp4,,Asher,Weiss
252978,Parshat Ki Tetzei: Shiluach HaKen,2023-08-24,2404,English,Parasha/Torah Portion,Ki Tetzei,https://ta-lectures.s3.us-east-005.backblazeb2.com/thumbnails/252978/252978.jpg,https://dl.torahanytime.com/mp3/252978--____07_05_2023__24de6f8b-e37f-4827-b8ad-2b21fe28ae5e.mp4.mp3,https://ta-lectures.s3.us-east-005.backblazeb2.com/mobileres/252978--____07_05_2023__24de6f8b-e37f-4827-b8ad-2b21fe28ae5e.mp4,,Asher,Weiss
252693,פרשת כי תצא: מצוות שילוח הקן,2023-08-22,3303,Hebrew,Parasha/Torah Portion,Ki Tetzei,https://ta-lectures.s3.us-east-005.backblazeb2.com/thumbnails/252693/252693.jpg,https://dl.torahanytime.com/mp3/252693--____07_03_2023__b1f2e4ae-2834-4c16-93bd-bf52e76dfd7d.mp4.mp3,https://ta-lectures.s3.us-east-005.backblazeb2.com/mobileres/252693--____07_03_2023__b1f2e4ae-2834-4c16-93bd-bf52e76dfd7d.mp4,,Asher,Weiss
249949,מסר מיוחד לימי בין הזמנים,2023-07-31,1012,Hebrew,Jewish Understanding,,https://ta-lectures.s3.us-east-005.backblazeb2.com/thumbnails/249949/249949.jpg,https://dl.torahanytime.com/mp3/249949--____07_02_2023__70e6f889-c954-4ae8-b579-dff56c33f630.mp4.mp3,https://ta-lectures.s3.us-east-005.backblazeb2.com/mobileres/249949--____07_02_2023__70e6f889-c954-4ae8-b579-dff56c33f630.mp4,,Asher,Weiss
249418,דיני חולה בתשעה באב,2023-07-26,3375,Hebrew,Holidays,Tisha B'Av,https://ta-lectures.s3.us-east-005.backblazeb2.com/thumbnails/249418/249418.jpg,https://dl.torahanytime.com/mp3/249418--____06_04_2023__0cd8f516-d471-4964-a7ec-27417744f3f8.mp4.mp3,https://ta-lectures.s3.us-east-005.backblazeb2.com/mobileres/249418--____06_04_2023__0cd8f516-d471-4964-a7ec-27417744f3f8.mp4,,Asher,Weiss
249024,Halachos of One who is Sick on Tisha B'Av,2023-07-24,2289,English,Holidays,Tisha B'Av,https://ta-lectures.s3.us-east-005.backblazeb2.com/thumbnails/249024/249024.jpg,https://dl.torahanytime.com/mp3/249024--____06_02_2023__401fbf7c-8bc3-4269-a19f-240faad6e72b.mp4.mp3,https://ta-lectures.s3.us-east-005.backblazeb2.com/mobileres/249024--____06_02_2023__401fbf7c-8bc3-4269-a19f-240faad6e72b.mp4,,Asher,Weiss
248552,דיני חולה בתשעה באב,2023-07-22,3488,Hebrew,Holidays,Tisha B'Av,https://ta-lectures.s3.us-east-005.backblazeb2.com/thumbnails/248552/248552.jpg,https://dl.torahanytime.com/mp3/248552--____06_00_2023__7cbe395d-d36a-41f3-8166-d090617587aa.mp4.mp3,https://ta-lectures.s3.us-east-005.backblazeb2.com/mobileres/248552--____06_00_2023__7cbe395d-d36a-41f3-8166-d090617587aa.mp4,,Asher,Weiss
248391,Short Thought on The Three Weeks,2023-07-20,738,English,Holidays,The 3 Weeks,https://ta-lectures.s3.us-east-005.backblazeb2.com/thumbnails/audio.jpg,https://dl.torahanytime.com/mp3/248391--____06_05_2023__57edd366-0ade-45f8-bffa-bb9e54490e1b.mp3.mp3,,,Asher,Weiss
248272,Learning Halacha from Tanach,2023-07-19,3973,English,Jewish Understanding,,https://ta-lectures.s3.us-east-005.backblazeb2.com/thumbnails/audio.jpg,https://dl.torahanytime.com/mp3/248272--____06_04_2023__8d04b528-5b4c-4f64-88f8-120fcc9a9a2d.mp3.mp3,,,Asher,Weiss
248076,?האם למדין הלכה מדברי אגדה,2023-07-18,3336,Hebrew,Jewish Understanding,,https://ta-lectures.s3.us-east-005.backblazeb2.com/thumbnails/248076/248076.jpg,https://dl.torahanytime.com/mp3/248076--____06_03_2023__272ead21-91f9-46a5-9816-ed1dfd8be6da.mp4.mp3,https://ta-lectures.s3.us-east-005.backblazeb2.com/mobileres/248076--____06_03_2023__272ead21-91f9-46a5-9816-ed1dfd8be6da.mp4,,Asher,Weiss
246947,Divrei Chizuk for The Three Weeks,2023-07-11,1128,English,Holidays,The 3 Weeks,https://ta-lectures.s3.us-east-005.backblazeb2.com/thumbnails/246947/246947.jpg,https://dl.torahanytime.com/mp3/246947--____06_03_2023__01babba3-8ac0-44fb-8ffc-971c9896a6d9.mp4.mp3,https://ta-lectures.s3.us-east-005.backblazeb2.com/mobileres/246947--____06_03_2023__01babba3-8ac0-44fb-8ffc-971c9896a6d9.mp4,,Asher,Weiss
246475,Parshat Pinchas: Dividing Eretz Yisrael,2023-07-08,2386,English,Parasha/Torah Portion,Pinchas,https://ta-lectures.s3.us-east-005.backblazeb2.com/thumbnails/246475/246475.jpg,https://dl.torahanytime.com/mp3/246475--____06_00_2023__182b4608-96a0-4930-9195-e6d25d89e9cd.mp4.mp3,https://ta-lectures.s3.us-east-005.backblazeb2.com/mobileres/246475--____06_00_2023__182b4608-96a0-4930-9195-e6d25d89e9cd.mp4,,Asher,Weiss
246351,Short Thought on Parshat Pinchas,2023-07-06,406,English,Parasha/Torah Portion,Pinchas,https://ta-lectures.s3.us-east-005.backblazeb2.com/thumbnails/246351/246351.jpg,https://dl.torahanytime.com/mp3/246351--____06_05_2023__7da91d32-3b91-414c-bf68-572ea8ca9c3c.mp4.mp3,https://ta-lectures.s3.us-east-005.backblazeb2.com/mobileres/246351--____06_05_2023__7da91d32-3b91-414c-bf68-572ea8ca9c3c.mp4,,Asher,Weiss
246097,Parshat Pinchas: Lotteries in Halacha,2023-07-05,2852,English,Parasha/Torah Portion,Pinchas,https://ta-lectures.s3.us-east-005.backblazeb2.com/thumbnails/246097/246097.jpg,https://dl.torahanytime.com/mp3/246097--____06_04_2023__0086e4db-ef22-4a68-a1eb-f868e4a11784.mp4.mp3,https://ta-lectures.s3.us-east-005.backblazeb2.com/mobileres/246097--____06_04_2023__0086e4db-ef22-4a68-a1eb-f868e4a11784.mp4,,Asher,Weiss
245932,פרשת פנחס: הגורל בהלכה,2023-07-04,3802,Hebrew,Parasha/Torah Portion,Pinchas,https://ta-lectures.s3.us-east-005.backblazeb2.com/thumbnails/245932/245932.jpg,https://dl.torahanytime.com/mp3/245932--____06_03_2023__d2716edc-4a4e-4169-979a-e11bfa613571.mp4.mp3,https://ta-lectures.s3.us-east-005.backblazeb2.com/mobileres/245932--____06_03_2023__d2716edc-4a4e-4169-979a-e11bfa613571.mp4,,Asher,Weiss
245290,"דברי זכרון על הרבי מקלויזנבורג זצ""ל",2023-06-30,1574,Hebrew,Eulogies/Hespedim,,https://ta-lectures.s3.us-east-005.backblazeb2.com/thumbnails/245290/245290.jpg,https://dl.torahanytime.com/mp3/245290--____05_05_2023__a7baabd8-25d6-4d15-b980-ed64d7b2f355.mp4.mp3,https://ta-lectures.s3.us-east-005.backblazeb2.com/mobileres/245290--____05_05_2023__a7baabd8-25d6-4d15-b980-ed64d7b2f355.mp4,,Asher,Weiss
245256,Short Thought on Parshat Chukat,2023-06-29,512,English,Parasha/Torah Portion,Chukat,https://ta-lectures.s3.us-east-005.backblazeb2.com/thumbnails/245256/245256.jpg,https://dl.torahanytime.com/mp3/245256--____05_05_2023__1950f880-4c9f-4c3d-aa82-de957113395d.mp4.mp3,https://ta-lectures.s3.us-east-005.backblazeb2.com/mobileres/245256--____05_05_2023__1950f880-4c9f-4c3d-aa82-de957113395d.mp4,,Asher,Weiss
245264,Short Thought on Parshat Balak,2023-06-29,704,English,Parasha/Torah Portion,Balak,https://ta-lectures.s3.us-east-005.backblazeb2.com/thumbnails/245264/245264.jpg,https://dl.torahanytime.com/mp3/245264--____05_05_2023__ebfed757-8abe-4da3-8fb2-fc7d6b24c8c7.mp4.mp3,https://ta-lectures.s3.us-east-005.backblazeb2.com/mobileres/245264--____05_05_2023__ebfed757-8abe-4da3-8fb2-fc7d6b24c8c7.mp4,,Asher,Weiss
245162,Parshat Balak: The Kedusha of Batei Midrash & Batei Knesset,2023-06-28,2429,English,Parasha/Torah Portion,Balak,https://ta-lectures.s3.us-east-005.backblazeb2.com/thumbnails/245162/245162.jpg,https://dl.torahanytime.com/mp3/245162--____05_04_2023__44161499-38d4-49a9-9aeb-6a5fc97bf1b9.mp4.mp3,https://ta-lectures.s3.us-east-005.backblazeb2.com/mobileres/245162--____05_04_2023__44161499-38d4-49a9-9aeb-6a5fc97bf1b9.mp4,,Asher,Weiss
244884,פרשת בלק: קדושת בתי מדרשות ובתי כנסיות,2023-06-27,3894,Hebrew,Parasha/Torah Portion,Balak,https://ta-lectures.s3.us-east-005.backblazeb2.com/thumbnails/244884/244884.jpg,https://dl.torahanytime.com/mp3/244884--____05_03_2023__99be9a0a-a9b5-4ca4-a3fd-b33e0881288f.mp4.mp3,https://ta-lectures.s3.us-east-005.backblazeb2.com/mobileres/244884--____05_03_2023__99be9a0a-a9b5-4ca4-a3fd-b33e0881288f.mp4,,Asher,Weiss
244470,Parshat Chukas: Tumas Kohanim Nowadays,2023-06-25,1828,English,Parasha/Torah Portion,Chukat,https://ta-lectures.s3.us-east-005.backblazeb2.com/thumbnails/244470/244470.jpg,https://dl.torahanytime.com/mp3/244470--____05_01_2023__63a42fc5-2e80-4225-97bf-16e8d805f26d.mp4.mp3,https://ta-lectures.s3.us-east-005.backblazeb2.com/mobileres/244470--____05_01_2023__63a42fc5-2e80-4225-97bf-16e8d805f26d.mp4,,Asher,Weiss
244311,Parshat Chukat: The Prosecutor can't be the Defender,2023-06-23,2452,English,Parasha/Torah Portion,Chukat,https://ta-lectures.s3.us-east-005.backblazeb2.com/thumbnails/244311/244311.jpg,https://dl.torahanytime.com/mp3/244311--____05_06_2023__fa283eaa-09b2-48e2-a95d-f0efff49a23d.mp4.mp3,https://ta-lectures.s3.us-east-005.backblazeb2.com/mobileres/244311--____05_06_2023__fa283eaa-09b2-48e2-a95d-f0efff49a23d.mp4,,Asher,Weiss
243993,פרשת חוקת: טומאת כהנים בזמן הזה,2023-06-21,3369,Hebrew,Parasha/Torah Portion,Chukat,https://ta-lectures.s3.us-east-005.backblazeb2.com/thumbnails/243993/243993.jpg,https://dl.torahanytime.com/mp3/243993--____05_04_2023__31931f3e-d19e-42eb-8231-cec0c0a6d7b3.mp4.mp3,https://ta-lectures.s3.us-east-005.backblazeb2.com/mobileres/243993--____05_04_2023__31931f3e-d19e-42eb-8231-cec0c0a6d7b3.mp4,,Asher,Weiss
243149,Parshat Korach: Shlichut in Aveiros,2023-06-16,2154,English,Parasha/Torah Portion,Korach,https://ta-lectures.s3.us-east-005.backblazeb2.com/thumbnails/243149/243149.jpg,https://dl.torahanytime.com/mp3/243149--____05_00_2023__9d9fe85e-489b-4123-858b-602c4c02bc21.mp4.mp3,https://ta-lectures.s3.us-east-005.backblazeb2.com/mobileres/243149--____05_00_2023__9d9fe85e-489b-4123-858b-602c4c02bc21.mp4,,Asher,Weiss
243054,"דברי הספד על מרן ראש הישיבה הרב גרשון אדלשטיין זצ""ל",2023-06-14,1049,Hebrew,Eulogies/Hespedim,,https://ta-lectures.s3.us-east-005.backblazeb2.com/thumbnails/243054/243054.jpg,https://dl.torahanytime.com/mp3/243054--____05_04_2023__20d9c0ed-4782-4230-b411-0db1657478ce.mp4.mp3,https://ta-lectures.s3.us-east-005.backblazeb2.com/mobileres/243054--____05_04_2023__20d9c0ed-4782-4230-b411-0db1657478ce.mp4,,Asher,Weiss
242826,פרשת קרח: אין שליח לדבר עבירה,2023-06-13,3040,Hebrew,Parasha/Torah Portion,Korach,https://ta-lectures.s3.us-east-005.backblazeb2.com/thumbnails/242826/242826.jpg,https://dl.torahanytime.com/mp3/242826--____05_03_2023__9c5f5326-c2db-43ff-988e-5235c93b9623.mp4.mp3,https://ta-lectures.s3.us-east-005.backblazeb2.com/mobileres/242826--____05_03_2023__9c5f5326-c2db-43ff-988e-5235c93b9623.mp4,,Asher,Weiss
242202,Short Thought on Parshat Shelach,2023-06-09,508,English,Parasha/Torah Portion,Shelach,https://ta-lectures.s3.us-east-005.backblazeb2.com/thumbnails/242202/242202.jpg,https://dl.torahanytime.com/mp3/242202--____05_06_2023__b1dd36c0-325b-42d4-ba3e-386510935698.mp4.mp3,https://ta-lectures.s3.us-east-005.backblazeb2.com/mobileres/242202--____05_06_2023__b1dd36c0-325b-42d4-ba3e-386510935698.mp4,,Asher,Weiss
241981,מסר קצר לפרשת שלח,2023-06-08,783,Hebrew,Parasha/Torah Portion,Shelach,https://ta-lectures.s3.us-east-005.backblazeb2.com/thumbnails/241981/241981.jpg,https://dl.torahanytime.com/mp3/241981--____05_04_2023__6b2ccd89-4126-417b-a040-4dd2f7698e51.mp4.mp3,https://ta-lectures.s3.us-east-005.backblazeb2.com/mobileres/241981--____05_04_2023__6b2ccd89-4126-417b-a040-4dd2f7698e51.mp4,,Asher,Weiss
242074,Parshat Shelach: Tzitzis and Mezuzah,2023-06-08,1948,English,Parasha/Torah Portion,Shelach,https://ta-lectures.s3.us-east-005.backblazeb2.com/thumbnails/242074/242074.jpg,https://dl.torahanytime.com/mp3/242074--____05_05_2023__cd6f135a-b2c4-466f-8b37-015de7fe78d5.mp4.mp3,https://ta-lectures.s3.us-east-005.backblazeb2.com/mobileres/242074--____05_05_2023__cd6f135a-b2c4-466f-8b37-015de7fe78d5.mp4,,Asher,Weiss
241767,פרשת שלח: מצוות ציצית,2023-06-07,3450,Hebrew,Parasha/Torah Portion,Shelach,https://ta-lectures.s3.us-east-005.backblazeb2.com/thumbnails/241767/241767.jpg,https://dl.torahanytime.com/mp3/241767--____05_03_2023__b958d9d0-5ab2-4924-9dc9-8c9fe39a0581.mp4.mp3,https://ta-lectures.s3.us-east-005.backblazeb2.com/mobileres/241767--____05_03_2023__b958d9d0-5ab2-4924-9dc9-8c9fe39a0581.mp4,,Asher,Weiss
241585,מסר קצר לפרשת בהעלותך,2023-06-05,448,Hebrew,Parasha/Torah Portion,Be'halot'cha,https://ta-lectures.s3.us-east-005.backblazeb2.com/thumbnails/241585/241585.jpg,https://dl.torahanytime.com/mp3/241585--____05_02_2023__7397c093-6331-44ab-9845-f65db84dff26.mp4.mp3,https://ta-lectures.s3.us-east-005.backblazeb2.com/mobileres/241585--____05_02_2023__7397c093-6331-44ab-9845-f65db84dff26.mp4,,Asher,Weiss
241154,The Greatness of Rav Gershon Edelshtein Z”TL,2023-06-02,497,English,Eulogies/Hespedim,,https://ta-lectures.s3.us-east-005.backblazeb2.com/thumbnails/241154/241154.jpg,https://dl.torahanytime.com/mp3/241154--____05_06_2023__918c01e1-1bd8-4356-b657-3f10eeb121c2.mp4.mp3,https://ta-lectures.s3.us-east-005.backblazeb2.com/mobileres/241154--____05_06_2023__918c01e1-1bd8-4356-b657-3f10eeb121c2.mp4,,Asher,Weiss
241055,Parshat Be'halot'cha: Shabbos Candles,2023-06-01,1116,English,Parasha/Torah Portion,Be'halot'cha,https://ta-lectures.s3.us-east-005.backblazeb2.com/thumbnails/241055/241055.jpg,https://dl.torahanytime.com/mp3/241055--____05_05_2023__b99aa5f0-209e-4369-9377-2a68acbb3213.mp4.mp3,https://ta-lectures.s3.us-east-005.backblazeb2.com/mobileres/241055--____05_05_2023__b99aa5f0-209e-4369-9377-2a68acbb3213.mp4,,Asher,Weiss
240954,"מרן ראש הישיבה הרב גרשון אדלשטיין זצ""ל: אברך בן 100",2023-05-31,748,Hebrew,Eulogies/Hespedim,,https://ta-lectures.s3.us-east-005.backblazeb2.com/thumbnails/240954/240954.jpg,https://dl.torahanytime.com/mp3/240954--____05_04_2023__3ba2844a-bb4c-437f-a846-5332ad0fa721.mp4.mp3,https://ta-lectures.s3.us-east-005.backblazeb2.com/mobileres/240954--____05_04_2023__3ba2844a-bb4c-437f-a846-5332ad0fa721.mp4,,Asher,Weiss
240598,פרשת בהעלתך: נרות שבת,2023-05-30,2567,Hebrew,Parasha/Torah Portion,Be'halot'cha,https://ta-lectures.s3.us-east-005.backblazeb2.com/thumbnails/240598/240598.jpg,https://dl.torahanytime.com/mp3/240598--____04_03_2023__d1555702-9349-4a2c-8986-16868c5ffa13.mp4.mp3,https://ta-lectures.s3.us-east-005.backblazeb2.com/mobileres/240598--____04_03_2023__d1555702-9349-4a2c-8986-16868c5ffa13.mp4,,Asher,Weiss
240509,"דברי הספד על מרן ראש הישיבה הרב גרשון אדלשטיין זצ""ל",2023-05-29,709,Hebrew,Eulogies/Hespedim,,https://ta-lectures.s3.us-east-005.backblazeb2.com/thumbnails/240509/240509.jpg,https://dl.torahanytime.com/mp3/240509--____04_02_2023__f624722d-6e2d-46ba-a5fa-a54596a82f78.mp4.mp3,https://ta-lectures.s3.us-east-005.backblazeb2.com/mobileres/240509--____04_02_2023__f624722d-6e2d-46ba-a5fa-a54596a82f78.mp4,,Asher,Weiss
239651,Shavuot: Preparation for Kabbalas HaTorah,2023-05-23,2679,English,Holidays,Shavuot,https://ta-lectures.s3.us-east-005.backblazeb2.com/thumbnails/239651/239651.jpg,https://dl.torahanytime.com/mp3/239651--____04_03_2023__e15a7656-678c-43c1-9e45-d2bf4053b58c.mp4.mp3,https://ta-lectures.s3.us-east-005.backblazeb2.com/mobileres/239651--____04_03_2023__e15a7656-678c-43c1-9e45-d2bf4053b58c.mp4,,Asher,Weiss
239552,הכנה לחג השבועות,2023-05-22,1398,Hebrew,Holidays,Shavuot,https://ta-lectures.s3.us-east-005.backblazeb2.com/thumbnails/239552/239552.jpg,https://dl.torahanytime.com/mp3/239552--____04_02_2023__09c0cd54-b068-4eb5-815e-620cbdfa03cd.mp4.mp3,https://ta-lectures.s3.us-east-005.backblazeb2.com/mobileres/239552--____04_02_2023__09c0cd54-b068-4eb5-815e-620cbdfa03cd.mp4,,Asher,Weiss
239068,Shavuos: The Torah is not in Heaven,2023-05-20,2273,English,Holidays,Shavuot,https://ta-lectures.s3.us-east-005.backblazeb2.com/thumbnails/239068/239068.jpg,https://dl.torahanytime.com/mp3/239068--____04_00_2023__1b7186f0-a870-4b9f-ad3c-7eaf97f2a99c.mp4.mp3,https://ta-lectures.s3.us-east-005.backblazeb2.com/mobileres/239068--____04_00_2023__1b7186f0-a870-4b9f-ad3c-7eaf97f2a99c.mp4,,Asher,Weiss
239004,Short Thought on Parshat Bamidbar 5783,2023-05-19,580,English,Parasha/Torah Portion,Bamidbar,https://ta-lectures.s3.us-east-005.backblazeb2.com/thumbnails/239004/239004.jpg,https://dl.torahanytime.com/mp3/239004--____04_06_2023__f3418865-eae0-4c66-88f7-a3a2c78cf634.mp4.mp3,https://ta-lectures.s3.us-east-005.backblazeb2.com/mobileres/239004--____04_06_2023__f3418865-eae0-4c66-88f7-a3a2c78cf634.mp4,,Asher,Weiss
238857,Parshat Bamidbar: Shmiras HaMikdash,2023-05-18,2770,English,Parasha/Torah Portion,Bamidbar,https://ta-lectures.s3.us-east-005.backblazeb2.com/thumbnails/238857/238857.jpg,https://dl.torahanytime.com/mp3/238857--____04_05_2023__834c2cf8-522d-43af-9c8c-726d16c1434a.mp4.mp3,https://ta-lectures.s3.us-east-005.backblazeb2.com/mobileres/238857--____04_05_2023__834c2cf8-522d-43af-9c8c-726d16c1434a.mp4,,Asher,Weiss
238356,פרשת במדבר: מצוות שמירת המקדש,2023-05-16,3295,Hebrew,Parasha/Torah Portion,Bamidbar,https://ta-lectures.s3.us-east-005.backblazeb2.com/thumbnails/238356/238356.jpg,https://dl.torahanytime.com/mp3/238356--____04_03_2023__9abbd540-dd48-4de7-8daa-f1cee8a70d23.mp4.mp3,https://ta-lectures.s3.us-east-005.backblazeb2.com/mobileres/238356--____04_03_2023__9abbd540-dd48-4de7-8daa-f1cee8a70d23.mp4,,Asher,Weiss
237627,Short Thought on Parshat Behar-Bechukosai 5783,2023-05-11,327,English,Parasha/Torah Portion,Behar-Bechukotai,https://ta-lectures.s3.us-east-005.backblazeb2.com/thumbnails/237627/237627.jpg,https://dl.torahanytime.com/mp3/237627--____04_05_2023__3c19d816-e632-49f0-8bfd-a72d97c7084b.mp4.mp3,https://ta-lectures.s3.us-east-005.backblazeb2.com/mobileres/237627--____04_05_2023__3c19d816-e632-49f0-8bfd-a72d97c7084b.mp4,,Asher,Weiss
237649,The Weight of Kabbala in Ruling Halacha,2023-05-10,2590,English,Jewish Understanding,,https://ta-lectures.s3.us-east-005.backblazeb2.com/thumbnails/237649/237649.jpg,https://dl.torahanytime.com/mp3/237649--____04_05_2023__f2213ffb-340f-492a-9260-b18f2c2c9bfe.mp4.mp3,https://ta-lectures.s3.us-east-005.backblazeb2.com/mobileres/237649--____04_05_2023__f2213ffb-340f-492a-9260-b18f2c2c9bfe.mp4,,Asher,Weiss
237249,משקל הקבלה בהלכה הפסוקה,2023-05-09,3223,Hebrew,Jewish Understanding,,https://ta-lectures.s3.us-east-005.backblazeb2.com/thumbnails/237249/237249.jpg,https://dl.torahanytime.com/mp3/237249--____04_03_2023__d690d28f-8e31-4757-abb0-34cd21de92c6.mp4.mp3,https://ta-lectures.s3.us-east-005.backblazeb2.com/mobileres/237249--____04_03_2023__d690d28f-8e31-4757-abb0-34cd21de92c6.mp4,,Asher,Weiss
236612,Short Thought on Sefirat HaOmer 5783,2023-05-04,438,English,Holidays,Omer,https://ta-lectures.s3.us-east-005.backblazeb2.com/thumbnails/236612/236612.jpg,https://dl.torahanytime.com/mp3/236612--____04_05_2023__c358e73b-cac0-4efb-b5e6-4e2541ca6002.mp4.mp3,https://ta-lectures.s3.us-east-005.backblazeb2.com/mp4/236612.mp4,,Asher,Weiss
236396,Women in Sefirat HaOmer,2023-05-03,2031,English,Holidays,Omer,https://ta-lectures.s3.us-east-005.backblazeb2.com/thumbnails/236396/236396.jpg,https://dl.torahanytime.com/mp3/236396--____04_04_2023__f5a733a6-da69-4466-8771-44a0e3ef1ce2.mp4.mp3,https://ta-lectures.s3.us-east-005.backblazeb2.com/mp4/236396.mp4,,Asher,Weiss
236061,נשים בספירת העומר,2023-05-02,3039,Hebrew,Holidays,Omer,https://ta-lectures.s3.us-east-005.backblazeb2.com/thumbnails/236061/236061.jpg,https://dl.torahanytime.com/mp3/236061--____04_02_2023__e7ef41ce-3463-4e38-bbc0-1ec31b02f839.mp4.mp3,https://ta-lectures.s3.us-east-005.backblazeb2.com/mp4/236061.mp4,,Asher,Weiss
235453,Short Thought on Parshat Acharei Mos-Kedoshim 5783,2023-04-28,397,English,Parasha/Torah Portion,Acharei Mot-Kedoshim,https://ta-lectures.s3.us-east-005.backblazeb2.com/thumbnails/235453/235453.jpg,https://dl.torahanytime.com/mp3/235453--____03_05_2023__2698bb2d-e9a1-47da-8322-9650e9434632.mp4.mp3,https://ta-lectures.s3.us-east-005.backblazeb2.com/mp4/235453.mp4,,Asher,Weiss
235238,‪פרשת אחרי מות - קדושים: ובחוקותיהם לא תלכו,2023-04-27,3141,Hebrew,Parasha/Torah Portion,Acharei Mot-Kedoshim,https://ta-lectures.s3.us-east-005.backblazeb2.com/thumbnails/235238/235238.jpg,https://dl.torahanytime.com/mp3/235238--____03_04_2023__c3a9919f-4904-4873-96c0-8a498c50453b.mp4.mp3,https://ta-lectures.s3.us-east-005.backblazeb2.com/mp4/235238.mp4,,Asher,Weiss
235297,Parshat Achrei Mos-Kedoshim: Uvechukoseihem Lo Telechu,2023-04-26,2814,English,Parasha/Torah Portion,Acharei Mot-Kedoshim,https://ta-lectures.s3.us-east-005.backblazeb2.com/thumbnails/235297/235297.jpg,https://dl.torahanytime.com/mp3/235297--____03_04_2023__697735f4-2733-402b-91a8-14fd5eaf9f43.mp4.mp3,https://ta-lectures.s3.us-east-005.backblazeb2.com/mp4/235297.mp4,,Asher,Weiss
232956,Pesach: The Mitzvah of Maror,2023-04-05,2409,English,Holidays,Pesach/Passover,https://ta-lectures.s3.us-east-005.backblazeb2.com/thumbnails/232956/232956.jpg,https://dl.torahanytime.com/mp3/232956--____03_03_2023__f28f35b6-a189-47c7-8c12-44cdf818788e.mp4.mp3,https://ta-lectures.s3.us-east-005.backblazeb2.com/mobileres/232956--____03_03_2023__f28f35b6-a189-47c7-8c12-44cdf818788e.mp4,,Asher,Weiss
232801,פסח: מצוות מרור,2023-04-04,2410,Hebrew,Holidays,Pesach/Passover,https://ta-lectures.s3.us-east-005.backblazeb2.com/thumbnails/232801/232801.jpg,https://dl.torahanytime.com/mp3/232801--____03_02_2023__2c3942ee-975f-4267-b1df-23506718d487.mp4.mp3,https://ta-lectures.s3.us-east-005.backblazeb2.com/mobileres/232801--____03_02_2023__2c3942ee-975f-4267-b1df-23506718d487.mp4,,Asher,Weiss
232294,Short Thought on Parshat Tzav 5783,2023-03-31,302,English,Parasha/Torah Portion,Tzav,https://ta-lectures.s3.us-east-005.backblazeb2.com/thumbnails/232294/232294.jpg,https://dl.torahanytime.com/mp3/232294--____02_05_2023__6d518a0d-595e-4b58-906f-b2d13b5058d6.mp4.mp3,https://ta-lectures.s3.us-east-005.backblazeb2.com/mobileres/232294--____02_05_2023__6d518a0d-595e-4b58-906f-b2d13b5058d6.mp4,,Asher,Weiss
231861,פסח: כל שלא אמר שלשה דברים פסח מצה ומרור,2023-03-29,2543,Hebrew,Holidays,Pesach/Passover,https://ta-lectures.s3.us-east-005.backblazeb2.com/thumbnails/231861/231861.jpg,https://dl.torahanytime.com/mp3/231861--____02_03_2023__3c0d7158-02c8-4de9-9c80-97e4d72f32c6.mp4.mp3,https://ta-lectures.s3.us-east-005.backblazeb2.com/mobileres/231861--____02_03_2023__3c0d7158-02c8-4de9-9c80-97e4d72f32c6.mp4,,Asher,Weiss
231995,"Pesach, Matzah, UMaror",2023-03-29,2260,English,Holidays,Pesach/Passover,https://ta-lectures.s3.us-east-005.backblazeb2.com/thumbnails/231995/231995.jpg,https://dl.torahanytime.com/mp3/231995--____02_03_2023__8f22f9e7-425a-4431-bc03-05159c511479.mp4.mp3,https://ta-lectures.s3.us-east-005.backblazeb2.com/mobileres/231995--____02_03_2023__8f22f9e7-425a-4431-bc03-05159c511479.mp4,,Asher,Weiss
231209,Short Thought on Parshat Vayikra 5783,2023-03-24,465,English,Parasha/Torah Portion,Vayikra,https://ta-lectures.s3.us-east-005.backblazeb2.com/thumbnails/231209/231209.jpg,https://dl.torahanytime.com/mp3/231209--____02_05_2023__1a0164d6-7390-42ca-b604-8697d66f1eb6.mp4.mp3,https://ta-lectures.s3.us-east-005.backblazeb2.com/mobileres/231209--____02_05_2023__1a0164d6-7390-42ca-b604-8697d66f1eb6.mp4,,Asher,Weiss
231126,Birkas Ha’ilanos in Nissan,2023-03-23,2240,English,Jewish Understanding,,https://ta-lectures.s3.us-east-005.backblazeb2.com/thumbnails/231126/231126.jpg,https://dl.torahanytime.com/mp3/231126--____02_04_2023__9ab531cc-40b1-40d7-82f4-b8518fd552ab.mp4.mp3,https://ta-lectures.s3.us-east-005.backblazeb2.com/mobileres/231126--____02_04_2023__9ab531cc-40b1-40d7-82f4-b8518fd552ab.mp4,,Asher,Weiss
230715,ברכת האילנות בחודש ניסן,2023-03-21,2901,Hebrew,Jewish Understanding,,https://ta-lectures.s3.us-east-005.backblazeb2.com/thumbnails/230715/230715.jpg,https://dl.torahanytime.com/mp3/230715--____02_02_2023__d5878610-1a12-4c74-a245-d7b30a97d4e6.mp4.mp3,https://ta-lectures.s3.us-east-005.backblazeb2.com/mobileres/230715--____02_02_2023__d5878610-1a12-4c74-a245-d7b30a97d4e6.mp4,,Asher,Weiss
230149,Short Thought for Parashat Vayakhel-Pekudei 5783,2023-03-17,353,Hebrew,Parasha/Torah Portion,Vayakhel-Pekudei,https://ta-lectures.s3.us-east-005.backblazeb2.com/thumbnails/230149/230149.jpg,https://dl.torahanytime.com/mp3/230149--____02_05_2023__ab253938-4f78-4fbb-97c8-25f08df24c0b.mp4.mp3,https://ta-lectures.s3.us-east-005.backblazeb2.com/mobileres/230149--____02_05_2023__ab253938-4f78-4fbb-97c8-25f08df24c0b.mp4,,Asher,Weiss
230045,Parshat Vayakhel-Pekudei: Meleches Machsheves B'Shabbos,2023-03-16,2202,English,Parasha/Torah Portion,Vayakhel-Pekudei,https://ta-lectures.s3.us-east-005.backblazeb2.com/thumbnails/230045/230045.jpg,https://dl.torahanytime.com/mp3/230045--____02_04_2023__54621b64-9a43-4ca6-b38a-5b285c1be5e5.mp4.mp3,https://ta-lectures.s3.us-east-005.backblazeb2.com/mobileres/230045--____02_04_2023__54621b64-9a43-4ca6-b38a-5b285c1be5e5.mp4,,Asher,Weiss
229769,פרשת ויקהל פקודי: מלאכת מחשבת בשבת,2023-03-15,2809,Hebrew,Parasha/Torah Portion,Vayakhel-Pekudei,https://ta-lectures.s3.us-east-005.backblazeb2.com/thumbnails/229769/229769.jpg,https://dl.torahanytime.com/mp3/229769--____02_03_2023__ffcb1113-d44a-4450-8f50-619e7f02c00d.mp4.mp3,https://ta-lectures.s3.us-east-005.backblazeb2.com/mobileres/229769--____02_03_2023__ffcb1113-d44a-4450-8f50-619e7f02c00d.mp4,,Asher,Weiss
228785,פורים: מקרא מגילה,2023-03-08,1986,Hebrew,Holidays,Purim,https://ta-lectures.s3.us-east-005.backblazeb2.com/thumbnails/228785/228785.jpg,https://dl.torahanytime.com/mp3/228785--____02_03_2023__cfc66e36-fd20-48e1-a467-29a9fc7b7aff.mp4.mp3,https://ta-lectures.s3.us-east-005.backblazeb2.com/mobileres/228785--____02_03_2023__cfc66e36-fd20-48e1-a467-29a9fc7b7aff.mp4,,Asher,Weiss
228756,Purim: Kavana While Reading the Megilla,2023-03-07,1503,English,Holidays,Purim,https://ta-lectures.s3.us-east-005.backblazeb2.com/thumbnails/228756/228756.jpg,https://dl.torahanytime.com/mp3/228756--____02_02_2023__8273b29f-d528-4351-8d78-05ca7b9c9ad5.mp4.mp3,https://ta-lectures.s3.us-east-005.backblazeb2.com/mobileres/228756--____02_02_2023__8273b29f-d528-4351-8d78-05ca7b9c9ad5.mp4,,Asher,Weiss
228535,"מסר קצר לפורים תשפ""ג",2023-03-06,438,Hebrew,Holidays,Purim,https://ta-lectures.s3.us-east-005.backblazeb2.com/thumbnails/228535/228535.jpg,https://dl.torahanytime.com/mp3/228535--____02_01_2023__77f171a8-dfa4-46b4-99da-1498f6ec774c.mp4.mp3,https://ta-lectures.s3.us-east-005.backblazeb2.com/mobileres/228535--____02_01_2023__77f171a8-dfa4-46b4-99da-1498f6ec774c.mp4,,Asher,Weiss
228150,Short Thought on Purim 5783,2023-03-03,923,English,Holidays,Purim,https://ta-lectures.s3.us-east-005.backblazeb2.com/thumbnails/228150/228150.jpg,https://dl.torahanytime.com/mp3/228150--____02_05_2023__73f38005-0eaa-4c1c-a541-64d8278bac4b.mp4.mp3,https://ta-lectures.s3.us-east-005.backblazeb2.com/mobileres/228150--____02_05_2023__73f38005-0eaa-4c1c-a541-64d8278bac4b.mp4,,Asher,Weiss
228066,פורים: משלוח מנות איש לרעהו ומתנות לאביונים,2023-03-02,3251,Hebrew,Holidays,Purim,https://ta-lectures.s3.us-east-005.backblazeb2.com/thumbnails/228066/228066.jpg,https://dl.torahanytime.com/mp3/228066--____02_04_2023__24e4fb19-bc8a-4bfa-a44c-7ded349157a3.mp4.mp3,https://ta-lectures.s3.us-east-005.backblazeb2.com/mobileres/228066--____02_04_2023__24e4fb19-bc8a-4bfa-a44c-7ded349157a3.mp4,,Asher,Weiss
227345,Purim: The Reasons for Mishloach Manot,2023-02-27,3698,English,Holidays,Purim,https://ta-lectures.s3.us-east-005.backblazeb2.com/thumbnails/227345/227345.jpg,https://dl.torahanytime.com/mp3/227345--____01_01_2023__80402725-4500-406a-899f-c4a0d10b554c.mp4.mp3,https://ta-lectures.s3.us-east-005.backblazeb2.com/mobileres/227345--____01_01_2023__80402725-4500-406a-899f-c4a0d10b554c.mp4,,Asher,Weiss
227281,The Centrality of בתי מדרשות: Home Away From Home,2023-02-26,382,English,Jewish Understanding,,https://ta-lectures.s3.us-east-005.backblazeb2.com/thumbnails/227281/227281.jpg,https://dl.torahanytime.com/mp3/227281--____01_00_2023__fdda9d0e-fd39-4dad-b91a-7242ecec53b5.mp4.mp3,https://ta-lectures.s3.us-east-005.backblazeb2.com/mobileres/227281--____01_00_2023__fdda9d0e-fd39-4dad-b91a-7242ecec53b5.mp4,,Asher,Weiss
227022,Short Though on Parshat Terumah,2023-02-24,779,English,Parasha/Torah Portion,Terumah,https://ta-lectures.s3.us-east-005.backblazeb2.com/thumbnails/227022/227022.jpg,https://dl.torahanytime.com/mp3/227022--____01_05_2023__2dacbd0d-6b57-453a-b010-a357f606761a.mp4.mp3,https://ta-lectures.s3.us-east-005.backblazeb2.com/mobileres/227022--____01_05_2023__2dacbd0d-6b57-453a-b010-a357f606761a.mp4,,Asher,Weiss
226049,Short Thought on Parshat Mishpatim 5783,2023-02-17,469,English,Parasha/Torah Portion,Mishpatim,https://ta-lectures.s3.us-east-005.backblazeb2.com/thumbnails/226049/226049.jpg,https://dl.torahanytime.com/mp3/226049--____01_05_2023__fc20c8cf-b543-44a1-9f91-222f3c17ca8f.mp4.mp3,https://ta-lectures.s3.us-east-005.backblazeb2.com/mobileres/226049--____01_05_2023__fc20c8cf-b543-44a1-9f91-222f3c17ca8f.mp4,,Asher,Weiss
225816,"מסר קצר לפרשת משפטים תשפ""ג",2023-02-16,511,Hebrew,Parasha/Torah Portion,Mishpatim,https://ta-lectures.s3.us-east-005.backblazeb2.com/thumbnails/225816/225816.jpg,https://dl.torahanytime.com/mp3/225816--____01_04_2023__2006d4a9-a9e7-48b8-b8a1-7d59f0cc91dd.mp4.mp3,https://ta-lectures.s3.us-east-005.backblazeb2.com/mobileres/225816--____01_04_2023__2006d4a9-a9e7-48b8-b8a1-7d59f0cc91dd.mp4,,Asher,Weiss
225647,Parshat Mishpatim: Milk & Meat in the Same Fridge,2023-02-15,2171,English,Parasha/Torah Portion,Mishpatim,https://ta-lectures.s3.us-east-005.backblazeb2.com/thumbnails/225647/225647.jpg,https://dl.torahanytime.com/mp3/225647--____01_03_2023__179a079d-916f-4e38-b77e-e4ff7eb24152.mp4.mp3,https://ta-lectures.s3.us-east-005.backblazeb2.com/mobileres/225647--____01_03_2023__179a079d-916f-4e38-b77e-e4ff7eb24152.mp4,,Asher,Weiss
225555,פרשת משפטים: חלב ובשר באותו מקרר,2023-02-14,2264,Hebrew,Parasha/Torah Portion,Mishpatim,https://ta-lectures.s3.us-east-005.backblazeb2.com/thumbnails/225555/225555.jpg,https://dl.torahanytime.com/mp3/225555--____01_02_2023__7afddbc5-f745-467d-8aa2-4f27cb960986.mp4.mp3,https://ta-lectures.s3.us-east-005.backblazeb2.com/mobileres/225555--____01_02_2023__7afddbc5-f745-467d-8aa2-4f27cb960986.mp4,,Asher,Weiss
225339,Agudah Yerushalayim Yarchai Kallah 2023: Shiur Hakdama,2023-02-13,3098,English,Jewish Understanding,,https://ta-lectures.s3.us-east-005.backblazeb2.com/thumbnails/225339/225339.jpg,https://dl.torahanytime.com/mp3/225339--____01_01_2023__9f599f10-1836-4adf-b604-612da9dad315.mp4.mp3,https://ta-lectures.s3.us-east-005.backblazeb2.com/mobileres/225339--____01_01_2023__9f599f10-1836-4adf-b604-612da9dad315.mp4,,Asher,Weiss
224966,Short Thought on Parshat Yitro 5783,2023-02-10,476,English,Parasha/Torah Portion,Yitro,https://ta-lectures.s3.us-east-005.backblazeb2.com/thumbnails/224966/224966.jpg,https://dl.torahanytime.com/mp3/224966--____01_05_2023__5742e9cb-a269-4bb8-9b1e-dab3dc82e72d.mp4.mp3,https://ta-lectures.s3.us-east-005.backblazeb2.com/mobileres/224966--____01_05_2023__5742e9cb-a269-4bb8-9b1e-dab3dc82e72d.mp4,,Asher,Weiss
224977,מסר קצר לפרשת יתרו תשפ״ג,2023-02-10,579,Hebrew,Parasha/Torah Portion,Yitro,https://ta-lectures.s3.us-east-005.backblazeb2.com/thumbnails/224977/224977.jpg,https://dl.torahanytime.com/mp3/224977--____01_05_2023__87e7f10c-eef3-4f6f-81a8-5b47f78dda5d.mp4.mp3,https://ta-lectures.s3.us-east-005.backblazeb2.com/mobileres/224977--____01_05_2023__87e7f10c-eef3-4f6f-81a8-5b47f78dda5d.mp4,,Asher,Weiss
224886,Parshat Yitro: One for Zachor and One for Shamor,2023-02-09,2856,English,Parasha/Torah Portion,Yitro,https://ta-lectures.s3.us-east-005.backblazeb2.com/thumbnails/224886/224886.jpg,https://dl.torahanytime.com/mp3/224886--____01_04_2023__11cc2a0d-6e6e-44dd-8f7b-5c30301d6494.mp4.mp3,https://ta-lectures.s3.us-east-005.backblazeb2.com/mobileres/224886--____01_04_2023__11cc2a0d-6e6e-44dd-8f7b-5c30301d6494.mp4,,Asher,Weiss
224452,פרשת יתרו: אחד כנגד זכור ואחד כנגד שמור,2023-02-07,3401,Hebrew,Parasha/Torah Portion,Yitro,https://ta-lectures.s3.us-east-005.backblazeb2.com/thumbnails/224452/224452.jpg,https://dl.torahanytime.com/mp3/224452--____01_02_2023__319337e7-7286-409b-ace4-70f9caf6b5f0.mp4.mp3,https://ta-lectures.s3.us-east-005.backblazeb2.com/mobileres/224452--____01_02_2023__319337e7-7286-409b-ace4-70f9caf6b5f0.mp4,,Asher,Weiss
223858,Parshat Beshalach: The Issur of Techumin on Shabbos,2023-02-03,2195,English,Parasha/Torah Portion,Beshalach,https://ta-lectures.s3.us-east-005.backblazeb2.com/thumbnails/223858/223858.jpg,https://dl.torahanytime.com/mp3/223858--____01_05_2023__0fe63dad-3d57-43dd-907e-63c975844bca.mp4.mp3,https://ta-lectures.s3.us-east-005.backblazeb2.com/mobileres/223858--____01_05_2023__0fe63dad-3d57-43dd-907e-63c975844bca.mp4,,Asher,Weiss
223882,Short Thought on Parshat Beshalach 5783,2023-02-03,372,English,Parasha/Torah Portion,Beshalach,https://ta-lectures.s3.us-east-005.backblazeb2.com/thumbnails/223882/223882.jpg,https://dl.torahanytime.com/mp3/223882--____01_05_2023__44fc3b2a-98ab-4235-93a4-b8385f91ff6e.mp4.mp3,https://ta-lectures.s3.us-east-005.backblazeb2.com/mobileres/223882--____01_05_2023__44fc3b2a-98ab-4235-93a4-b8385f91ff6e.mp4,,Asher,Weiss
223704,פרשת בשלח - דין תחומין,2023-02-02,3305,Hebrew,Parasha/Torah Portion,Beshalach,https://ta-lectures.s3.us-east-005.backblazeb2.com/thumbnails/223704/223704.jpg,https://dl.torahanytime.com/mp3/223704--____01_04_2023__3b8cad2c-fe59-401d-9340-3971dc7553ed.mp4.mp3,https://ta-lectures.s3.us-east-005.backblazeb2.com/mobileres/223704--____01_04_2023__3b8cad2c-fe59-401d-9340-3971dc7553ed.mp4,,Asher,Weiss
222791,Short Thought on Parshat Bo,2023-01-27,412,English,Parasha/Torah Portion,Bo,https://ta-lectures.s3.us-east-005.backblazeb2.com/thumbnails/222791/222791.jpg,https://dl.torahanytime.com/mp3/222791--____00_05_2023__2cba6001-4650-4cf2-9449-be6b5d791269.mp4.mp3,https://ta-lectures.s3.us-east-005.backblazeb2.com/mobileres/222791--____00_05_2023__2cba6001-4650-4cf2-9449-be6b5d791269.mp4,,Asher,Weiss
222450,Parshat Bo: Amira L’Nochri – Shabbos and Shvi’is,2023-01-25,2295,English,Parasha/Torah Portion,Bo,https://ta-lectures.s3.us-east-005.backblazeb2.com/thumbnails/222450/222450.jpg,https://dl.torahanytime.com/mp3/222450--____00_03_2023__daef0a3b-5d44-4e79-a57c-0d6cb13ed5a1.mp4.mp3,https://ta-lectures.s3.us-east-005.backblazeb2.com/mobileres/222450--____00_03_2023__daef0a3b-5d44-4e79-a57c-0d6cb13ed5a1.mp4,,Asher,Weiss
221879,Short Thought on Parshat Va'eira 5783,2023-01-20,338,English,Parasha/Torah Portion,Va'eira,https://ta-lectures.s3.us-east-005.backblazeb2.com/thumbnails/221879/221879.jpg,https://dl.torahanytime.com/mp3/221879--____00_05_2023__e11ce801-ee51-466d-b2dc-36b8b58cb29a.mp4.mp3,https://ta-lectures.s3.us-east-005.backblazeb2.com/mobileres/221879--____00_05_2023__e11ce801-ee51-466d-b2dc-36b8b58cb29a.mp4,,Asher,Weiss
221512,פרשת וארא: זכירת יציאת מצרים,2023-01-18,3091,Hebrew,Parasha/Torah Portion,Va'eira,https://ta-lectures.s3.us-east-005.backblazeb2.com/thumbnails/221512/221512.jpg,https://dl.torahanytime.com/mp3/221512--____00_03_2023__2cceaf75-6e6d-4223-848c-279309fe961b.mp4.mp3,https://ta-lectures.s3.us-east-005.backblazeb2.com/mobileres/221512--____00_03_2023__2cceaf75-6e6d-4223-848c-279309fe961b.mp4,,Asher,Weiss
221642,Parashat Va'eira: Remembering Yetzias Mitzrayim,2023-01-18,2004,English,Parasha/Torah Portion,Va'eira,https://ta-lectures.s3.us-east-005.backblazeb2.com/thumbnails/221642/221642.jpg,https://dl.torahanytime.com/mp3/221642--____00_03_2023__13f34953-b7c0-4e75-955b-2117e85d10ed.mp4.mp3,https://ta-lectures.s3.us-east-005.backblazeb2.com/mobileres/221642--____00_03_2023__13f34953-b7c0-4e75-955b-2117e85d10ed.mp4,,Asher,Weiss
221055,מסר קצר לפרשת שמות,2023-01-15,700,Hebrew,Parasha/Torah Portion,Shemot,https://ta-lectures.s3.us-east-005.backblazeb2.com/thumbnails/221055/221055.jpg,https://dl.torahanytime.com/mp3/221055--____00_00_2023__2ff43085-c10c-4fc8-aef2-e4987933d46a.mp4.mp3,https://ta-lectures.s3.us-east-005.backblazeb2.com/mobileres/221055--____00_00_2023__2ff43085-c10c-4fc8-aef2-e4987933d46a.mp4,,Asher,Weiss
220907,Short Thought on Parshat Shemot 5783,2023-01-13,620,English,Parasha/Torah Portion,Shemot,https://ta-lectures.s3.us-east-005.backblazeb2.com/thumbnails/220907/220907.jpg,https://dl.torahanytime.com/mp3/220907--____00_05_2023__7f84da78-e44b-44e9-a715-315c8ad36e5a.mp4.mp3,https://ta-lectures.s3.us-east-005.backblazeb2.com/mobileres/220907--____00_05_2023__7f84da78-e44b-44e9-a715-315c8ad36e5a.mp4,,Asher,Weiss
220841,Parshat Shemot: Using Non-Jewish Names,2023-01-12,2858,English,Parasha/Torah Portion,Shemot,https://ta-lectures.s3.us-east-005.backblazeb2.com/thumbnails/220841/220841.jpg,https://dl.torahanytime.com/mp3/220841--____00_04_2023__c5d31378-efac-4572-9b28-0c0436afb53f.mp4.mp3,https://ta-lectures.s3.us-east-005.backblazeb2.com/mobileres/220841--____00_04_2023__c5d31378-efac-4572-9b28-0c0436afb53f.mp4,,Asher,Weiss
220487,פרשת שמות: שלא שינו את שמם,2023-01-10,3124,Hebrew,Parasha/Torah Portion,Shemot,https://ta-lectures.s3.us-east-005.backblazeb2.com/thumbnails/220487/220487.jpg,https://dl.torahanytime.com/mp3/220487--____00_02_2023__1a045ebd-3704-4df6-ba91-fa0bfe064b38.mp4.mp3,https://ta-lectures.s3.us-east-005.backblazeb2.com/mobileres/220487--____00_02_2023__1a045ebd-3704-4df6-ba91-fa0bfe064b38.mp4,,Asher,Weiss
219963,Short Thought on Parshat Vayechi 5783,2023-01-06,398,English,Parasha/Torah Portion,Vayechi,https://ta-lectures.s3.us-east-005.backblazeb2.com/thumbnails/219963/219963.jpg,https://dl.torahanytime.com/mp3/219963--____00_05_2023__4b0f38e6-47f7-4108-9781-e3f982e4b938.mp4.mp3,https://ta-lectures.s3.us-east-005.backblazeb2.com/mobileres/219963--____00_05_2023__4b0f38e6-47f7-4108-9781-e3f982e4b938.mp4,,Asher,Weiss
219869,פרשת ויחי: הסכם יששכר וזבולון,2023-01-05,3997,Hebrew,Parasha/Torah Portion,Vayechi,https://ta-lectures.s3.us-east-005.backblazeb2.com/thumbnails/219869/219869.jpg,https://dl.torahanytime.com/mp3/219869--____00_04_2023__4a9e0079-db38-4ec1-8bf7-6817dbd63a6a.mp4.mp3,https://ta-lectures.s3.us-east-005.backblazeb2.com/mobileres/219869--____00_04_2023__4a9e0079-db38-4ec1-8bf7-6817dbd63a6a.mp4,,Asher,Weiss
219839,Parshat Vayechi: Yisachar & Zvulun Agreement,2023-01-04,2700,English,Parasha/Torah Portion,Vayechi,https://ta-lectures.s3.us-east-005.backblazeb2.com/thumbnails/219839/219839.jpg,https://dl.torahanytime.com/mp3/219839--____00_04_2023__ba37a041-4243-4050-a971-c6482faea1a6.mp4.mp3,https://ta-lectures.s3.us-east-005.backblazeb2.com/mobileres/219839--____00_04_2023__ba37a041-4243-4050-a971-c6482faea1a6.mp4,,Asher,Weiss
219018,Short Thought on Parshat Vayigash 5783,2022-12-30,649,English,Parasha/Torah Portion,Vayigash,https://ta-lectures.s3.us-east-005.backblazeb2.com/thumbnails/219018/219018.jpg,https://dl.torahanytime.com/mp3/219018--____11_05_2022__89174df0-cec9-4c1f-a12d-a6aacc105c58.mp4.mp3,https://ta-lectures.s3.us-east-005.backblazeb2.com/mobileres/219018--____11_05_2022__89174df0-cec9-4c1f-a12d-a6aacc105c58.mp4,,Asher,Weiss
219028,Parshat Vayigash: Indirectly Causing the Death of Another Person,2022-12-30,3426,English,Parasha/Torah Portion,Vayigash,https://ta-lectures.s3.us-east-005.backblazeb2.com/thumbnails/219028/219028.jpg,https://dl.torahanytime.com/mp3/219028--____11_05_2022__672c783c-9c72-4034-ba8f-407cb9cb6aec.mp4.mp3,https://ta-lectures.s3.us-east-005.backblazeb2.com/mobileres/219028--____11_05_2022__672c783c-9c72-4034-ba8f-407cb9cb6aec.mp4,,Asher,Weiss
219041,מסר קצר לפרשת ויגש,2022-12-29,648,Hebrew,Parasha/Torah Portion,Vayigash,https://ta-lectures.s3.us-east-005.backblazeb2.com/thumbnails/219041/219041.jpg,https://dl.torahanytime.com/mp3/219041--____11_05_2022__5b454305-0441-4f9e-acf7-d994b2e93272.mp4.mp3,https://ta-lectures.s3.us-east-005.backblazeb2.com/mobileres/219041--____11_05_2022__5b454305-0441-4f9e-acf7-d994b2e93272.mp4,,Asher,Weiss
218877,פרשת ויגש: הגורם למוות חבירו בעקיפין האם צריך כפרה,2022-12-28,3346,Hebrew,Parasha/Torah Portion,Vayigash,https://ta-lectures.s3.us-east-005.backblazeb2.com/thumbnails/218877/218877.jpg,https://dl.torahanytime.com/mp3/218877--____11_04_2022__1e68b1a5-f3bb-4ab4-b9d1-d7b0d15fb099.mp4.mp3,https://ta-lectures.s3.us-east-005.backblazeb2.com/mobileres/218877--____11_04_2022__1e68b1a5-f3bb-4ab4-b9d1-d7b0d15fb099.mp4,,Asher,Weiss
217975,Short Thought on Parshat Mikeitz & Chanukah 5783,2022-12-23,395,English,Parasha/Torah Portion,Mikeitz,https://ta-lectures.s3.us-east-005.backblazeb2.com/thumbnails/217975/217975.jpg,https://dl.torahanytime.com/mp3/217975--____11_05_2022__f93bfd2f-e713-42f9-9895-669bf2ef4550.mp4.mp3,https://ta-lectures.s3.us-east-005.backblazeb2.com/mobileres/217975--____11_05_2022__f93bfd2f-e713-42f9-9895-669bf2ef4550.mp4,,Asher,Weiss
217986,הדלקת נרות חנוכה בבית הכנסת,2022-12-23,1446,Hebrew,Holidays,Chanukah,https://ta-lectures.s3.us-east-005.backblazeb2.com/thumbnails/217986/217986.jpg,https://dl.torahanytime.com/mp3/217986--____11_05_2022__fc444ab9-2b6c-42da-bb9f-07f3e9b6f003.mp4.mp3,https://ta-lectures.s3.us-east-005.backblazeb2.com/mobileres/217986--____11_05_2022__fc444ab9-2b6c-42da-bb9f-07f3e9b6f003.mp4,,Asher,Weiss
217916,Lighting Neiros Chanukah in Shul,2022-12-22,1729,English,Holidays,Chanukah,https://ta-lectures.s3.us-east-005.backblazeb2.com/thumbnails/217916/217916.jpg,https://dl.torahanytime.com/mp3/217916--____11_04_2022__911877cd-873f-43e2-9d8b-424b492bfa23.mp4.mp3,https://ta-lectures.s3.us-east-005.backblazeb2.com/mobileres/217916--____11_04_2022__911877cd-873f-43e2-9d8b-424b492bfa23.mp4,,Asher,Weiss
217019,Short Thought on Chanukah 5783,2022-12-16,475,English,Holidays,Chanukah,https://ta-lectures.s3.us-east-005.backblazeb2.com/thumbnails/217019/217019.jpg,https://dl.torahanytime.com/mp3/217019--____11_05_2022__487cdd28-2846-4958-b5ff-badbc46f6c19.mp4.mp3,https://ta-lectures.s3.us-east-005.backblazeb2.com/mobileres/217019--____11_05_2022__487cdd28-2846-4958-b5ff-badbc46f6c19.mp4,,Asher,Weiss
216965,Birkas HaRo'eh - Seeing Neiros Chanukah,2022-12-15,2515,English,Holidays,Chanukah,https://ta-lectures.s3.us-east-005.backblazeb2.com/thumbnails/216965/216965.jpg,https://dl.torahanytime.com/mp3/216965--____11_05_2022__60a52787-eb38-470c-916f-c001e96d0a2c.mp4.mp3,https://ta-lectures.s3.us-east-005.backblazeb2.com/mobileres/216965--____11_05_2022__60a52787-eb38-470c-916f-c001e96d0a2c.mp4,,Asher,Weiss
216890,?הרואה נר חנוכה - האם חייב לברך,2022-12-14,2900,Hebrew,Holidays,Chanukah,https://ta-lectures.s3.us-east-005.backblazeb2.com/thumbnails/216890/216890.jpg,https://dl.torahanytime.com/mp3/216890--____11_04_2022__a684c3eb-a757-42bb-b71f-30f8c0af6596.mp4.mp3,https://ta-lectures.s3.us-east-005.backblazeb2.com/mobileres/216890--____11_04_2022__a684c3eb-a757-42bb-b71f-30f8c0af6596.mp4,,Asher,Weiss
215928,פרשת וישלח: גיד הנשה,2022-12-09,2567,Hebrew,Parasha/Torah Portion,Vayishlach,https://ta-lectures.s3.us-east-005.backblazeb2.com/thumbnails/215928/215928.jpg,https://dl.torahanytime.com/mp3/215928--____11_04_2022__0bb72e4a-2e79-488e-8e58-f04fa451c5b9.mp4.mp3,https://ta-lectures.s3.us-east-005.backblazeb2.com/mobileres/215928--____11_04_2022__0bb72e4a-2e79-488e-8e58-f04fa451c5b9.mp4,,Asher,Weiss
216003,Short Thought on Parshat Vayishlach 5783,2022-12-09,388,English,Parasha/Torah Portion,Vayishlach,https://ta-lectures.s3.us-east-005.backblazeb2.com/thumbnails/216003/216003.jpg,https://dl.torahanytime.com/mp3/216003--____11_05_2022__c283c743-c4ed-4fea-b3d5-148bc75eb994.mp4.mp3,https://ta-lectures.s3.us-east-005.backblazeb2.com/mobileres/216003--____11_05_2022__c283c743-c4ed-4fea-b3d5-148bc75eb994.mp4,,Asher,Weiss
215803,Parshat Vayishlach: Gid Hanashe,2022-12-08,1944,English,Parasha/Torah Portion,Vayishlach,https://ta-lectures.s3.us-east-005.backblazeb2.com/thumbnails/215803/215803.jpg,https://dl.torahanytime.com/mp3/215803--____11_04_2022__baa9a3ac-0735-48ee-81c7-0abab10e243f.mp4.mp3,https://ta-lectures.s3.us-east-005.backblazeb2.com/mobileres/215803--____11_04_2022__baa9a3ac-0735-48ee-81c7-0abab10e243f.mp4,,Asher,Weiss
215559,Spanish Jewry & Its Torah Leaders,2022-12-06,2161,English,Jewish History,,https://ta-lectures.s3.us-east-005.backblazeb2.com/thumbnails/215559/215559.jpg,https://dl.torahanytime.com/mp3/215559--____11_02_2022__f708893f-1db3-4cb1-8a87-f639474db5f5.mp4.mp3,https://ta-lectures.s3.us-east-005.backblazeb2.com/mobileres/215559--____11_02_2022__f708893f-1db3-4cb1-8a87-f639474db5f5.mp4,,Asher,Weiss
215195,When Halacha & Kabbalah Clash,2022-12-04,2874,English,Jewish Understanding,,https://ta-lectures.s3.us-east-005.backblazeb2.com/thumbnails/audio.jpg,https://dl.torahanytime.com/mp3/215195--____11_00_2022__b5488d97-22bb-48bd-b4b4-51dad7c1e619.mp3.mp3,,,Asher,Weiss
214985,Short Thought on Parshat Vayetzei 5783,2022-12-02,324,English,Parasha/Torah Portion,Vayetzei,https://ta-lectures.s3.us-east-005.backblazeb2.com/thumbnails/214985/214985.jpg,https://dl.torahanytime.com/mp3/214985--____11_05_2022__63f6a49e-51d3-4ff3-ac60-b6f7c14abe1f.mp4.mp3,https://ta-lectures.s3.us-east-005.backblazeb2.com/mobileres/214985--____11_05_2022__63f6a49e-51d3-4ff3-ac60-b6f7c14abe1f.mp4,,Asher,Weiss
214831,Parshat Vayetzei: Hiring Workers,2022-12-01,2503,English,Parasha/Torah Portion,Vayetzei,https://ta-lectures.s3.us-east-005.backblazeb2.com/thumbnails/214831/214831.jpg,https://dl.torahanytime.com/mp3/214831--____11_04_2022__826dcd50-108c-40d4-b343-1c5f45602f8e.mp4.mp3,https://ta-lectures.s3.us-east-005.backblazeb2.com/mobileres/214831--____11_04_2022__826dcd50-108c-40d4-b343-1c5f45602f8e.mp4,,Asher,Weiss
214753,פרשת ויצא: שכירת פועלים,2022-11-30,2514,Hebrew,Parasha/Torah Portion,Vayetzei,https://ta-lectures.s3.us-east-005.backblazeb2.com/thumbnails/214753/214753.jpg,https://dl.torahanytime.com/mp3/214753--____10_03_2022__13e560e3-6a40-4afc-a6cf-790936fc9c28.mp4.mp3,https://ta-lectures.s3.us-east-005.backblazeb2.com/mobileres/214753--____10_03_2022__13e560e3-6a40-4afc-a6cf-790936fc9c28.mp4,,Asher,Weiss
213976,Parshat Toldot: The Status of a Mumar in Halacha,2022-11-25,2797,English,Parasha/Torah Portion,Toldot,https://ta-lectures.s3.us-east-005.backblazeb2.com/thumbnails/213976/213976.jpg,https://dl.torahanytime.com/mp3/213976--____10_05_2022__e0cffec2-a697-43ae-8c0b-1d525460062b.mp4.mp3,https://ta-lectures.s3.us-east-005.backblazeb2.com/mobileres/213976--____10_05_2022__e0cffec2-a697-43ae-8c0b-1d525460062b.mp4,,Asher,Weiss
213992,Short Thought on Parshat Toldot 5783,2022-11-25,394,English,Parasha/Torah Portion,Toldot,https://ta-lectures.s3.us-east-005.backblazeb2.com/thumbnails/213992/213992.jpg,https://dl.torahanytime.com/mp3/213992--____10_05_2022__9817cf15-63a2-4ed2-8533-09c70b6c8472.mp4.mp3,https://ta-lectures.s3.us-east-005.backblazeb2.com/mobileres/213992--____10_05_2022__9817cf15-63a2-4ed2-8533-09c70b6c8472.mp4,,Asher,Weiss
212871,Short Thought on Parshat Chayei Sarah,2022-11-18,565,English,Parasha/Torah Portion,Chayei Sarah,https://ta-lectures.s3.us-east-005.backblazeb2.com/thumbnails/212871/212871.jpg,https://dl.torahanytime.com/mp3/212871--____10_05_2022__afe67584-c5fb-4562-9cb7-62874d96e344.mp4.mp3,https://ta-lectures.s3.us-east-005.backblazeb2.com/mobileres/212871--____10_05_2022__afe67584-c5fb-4562-9cb7-62874d96e344.mp4,,Asher,Weiss
212470,Parshat Chayei Sarah: Mitzvas Aveilus,2022-11-16,3125,English,Parasha/Torah Portion,Chayei Sarah,https://ta-lectures.s3.us-east-005.backblazeb2.com/thumbnails/212470/212470.jpg,https://dl.torahanytime.com/mp3/212470--____10_03_2022__138cd4d8-21fa-4163-aa73-e9e5bbf6d8bc.mp4.mp3,https://ta-lectures.s3.us-east-005.backblazeb2.com/mobileres/212470--____10_03_2022__138cd4d8-21fa-4163-aa73-e9e5bbf6d8bc.mp4,,Asher,Weiss
211768,Short Thought on Parshat Vayeira 5783,2022-11-11,560,English,Parasha/Torah Portion,Vayeira,https://ta-lectures.s3.us-east-005.backblazeb2.com/thumbnails/211768/211768.jpg,https://dl.torahanytime.com/mp3/211768--____10_04_2022__3fe3f087-0849-4bd0-810e-d00f6f71075c.mp4.mp3,https://ta-lectures.s3.us-east-005.backblazeb2.com/mobileres/211768--____10_04_2022__3fe3f087-0849-4bd0-810e-d00f6f71075c.mp4,,Asher,Weiss
211494,פרשת וירא: יסוד מצוות חינוך,2022-11-09,3899,Hebrew,Parasha/Torah Portion,Vayeira,https://ta-lectures.s3.us-east-005.backblazeb2.com/thumbnails/211494/211494.jpg,https://dl.torahanytime.com/mp3/211494--____10_03_2022__11d55bae-6676-4ec7-b484-a7d6dbe41925.mp4.mp3,https://ta-lectures.s3.us-east-005.backblazeb2.com/mobileres/211494--____10_03_2022__11d55bae-6676-4ec7-b484-a7d6dbe41925.mp4,,Asher,Weiss
211591,Parshat Vayeira: Chinuch Habanim,2022-11-09,2480,English,Parasha/Torah Portion,Vayeira,https://ta-lectures.s3.us-east-005.backblazeb2.com/thumbnails/211591/211591.jpg,https://dl.torahanytime.com/mp3/211591--____10_03_2022__23eb8912-885e-46b0-b680-c0a748263f0b.mp4.mp3,https://ta-lectures.s3.us-east-005.backblazeb2.com/mobileres/211591--____10_03_2022__23eb8912-885e-46b0-b680-c0a748263f0b.mp4,,Asher,Weiss
210837,Short Thought on Parshat Lech Lecha 5783,2022-11-04,503,English,Parasha/Torah Portion,Lech Lecha,https://ta-lectures.s3.us-east-005.backblazeb2.com/thumbnails/210837/210837.jpg,https://dl.torahanytime.com/mp3/210837--____10_05_2022__215f726b-ec98-4660-8399-5071627d02de.mp4.mp3,https://ta-lectures.s3.us-east-005.backblazeb2.com/mobileres/210837--____10_05_2022__215f726b-ec98-4660-8399-5071627d02de.mp4,,Asher,Weiss
210767,Parshat Lech Lecha: Chazaka Regarding Bris Milah,2022-11-03,2329,English,Parasha/Torah Portion,Lech Lecha,https://ta-lectures.s3.us-east-005.backblazeb2.com/thumbnails/210767/210767.jpg,https://dl.torahanytime.com/mp3/210767--____10_04_2022__c895f8a4-f7d3-4167-9501-9dbeeb8e442f.mp4.mp3,https://ta-lectures.s3.us-east-005.backblazeb2.com/mobileres/210767--____10_04_2022__c895f8a4-f7d3-4167-9501-9dbeeb8e442f.mp4,,Asher,Weiss
209954,Short Thought for Parshat Noach 5783,2022-10-28,289,English,Parasha/Torah Portion,Noach,https://ta-lectures.s3.us-east-005.backblazeb2.com/thumbnails/209954/209954.jpg,https://dl.torahanytime.com/mp3/209954--____09_05_2022__22520957-73b1-4e01-b366-05d24151525b.mp4.mp3,https://ta-lectures.s3.us-east-005.backblazeb2.com/mobileres/209954--____09_05_2022__22520957-73b1-4e01-b366-05d24151525b.mp4,,Asher,Weiss
209891,Parshat Noach: Suicide in Halachah,2022-10-27,2773,English,Parasha/Torah Portion,Noach,https://ta-lectures.s3.us-east-005.backblazeb2.com/thumbnails/209891/209891.jpg,https://dl.torahanytime.com/mp3/209891--____09_04_2022__254f5a96-ad22-41c5-80b8-65b8ab413f90.mp4.mp3,https://ta-lectures.s3.us-east-005.backblazeb2.com/mobileres/209891--____09_04_2022__254f5a96-ad22-41c5-80b8-65b8ab413f90.mp4,,Asher,Weiss
209088,Short Thought on Parshat Bereishit 5783,2022-10-21,505,English,Parasha/Torah Portion,Bereishit,https://ta-lectures.s3.us-east-005.backblazeb2.com/thumbnails/209088/209088.jpg,https://dl.torahanytime.com/mp3/209088--____09_05_2022__e40f6290-d3b0-4dca-b4a1-3f610bff4d3d.mp4.mp3,https://ta-lectures.s3.us-east-005.backblazeb2.com/mobileres/209088--____09_05_2022__e40f6290-d3b0-4dca-b4a1-3f610bff4d3d.mp4,,Asher,Weiss
209024,Parshat Bereishit: The Mitzvah to Have Children,2022-10-20,3084,English,Parasha/Torah Portion,Bereishit,https://ta-lectures.s3.us-east-005.backblazeb2.com/thumbnails/209024/209024.jpg,https://dl.torahanytime.com/mp3/209024--____09_04_2022__5301eb75-8c7c-41f0-b73e-36c95cf262d3.mp4.mp3,https://ta-lectures.s3.us-east-005.backblazeb2.com/mobileres/209024--____09_04_2022__5301eb75-8c7c-41f0-b73e-36c95cf262d3.mp4,,Asher,Weiss
206412,Parashat Nitzavim - To Leave a Debt That the Shemita Will Meshamet,2022-09-21,2234,English,Parasha/Torah Portion,Nitzavim,https://ta-lectures.s3.us-east-005.backblazeb2.com/thumbnails/206412/206412.jpg,https://dl.torahanytime.com/mp3/206412--____08_03_2022__6ad93bda-f63d-424c-8872-b06c6a031f8f.mp4.mp3,https://ta-lectures.s3.us-east-005.backblazeb2.com/mobileres/206412--____08_03_2022__6ad93bda-f63d-424c-8872-b06c6a031f8f.mp4,,Asher,Weiss
204559,Parshat Ki Tetzei: MItzvot Ma'akeh,2022-09-09,2072,English,Parasha/Torah Portion,Ki Tetzei,https://ta-lectures.s3.us-east-005.backblazeb2.com/thumbnails/204559/204559.jpg,https://dl.torahanytime.com/mp3/204559--____08_05_2022__9fc390c6-154a-4359-8644-409251be50e9.mp4.mp3,https://ta-lectures.s3.us-east-005.backblazeb2.com/mobileres/204559--____08_05_2022__9fc390c6-154a-4359-8644-409251be50e9.mp4,,Asher,Weiss
203527,Parashat Shoftim: Shemitat Kesafim,2022-09-01,2765,English,Parasha/Torah Portion,Shoftim,https://ta-lectures.s3.us-east-005.backblazeb2.com/thumbnails/203527/203527.jpg,https://dl.torahanytime.com/mp3/203527--____08_04_2022__86cbaac3-439a-4398-85d3-d61f2de708be.mp4.mp3,https://ta-lectures.s3.us-east-005.backblazeb2.com/mobileres/203527--____08_04_2022__86cbaac3-439a-4398-85d3-d61f2de708be.mp4,,Asher,Weiss
202980,Parashat Re'eh: The Prohibition to Consume Insects,2022-08-28,2566,English,Parasha/Torah Portion,Re'eh,https://ta-lectures.s3.us-east-005.backblazeb2.com/thumbnails/202980/202980.jpg,https://dl.torahanytime.com/mp3/202980--____07_00_2022__03102b96-e5b2-4ce2-9848-a5653daf9dc3.mp4.mp3,https://ta-lectures.s3.us-east-005.backblazeb2.com/mobileres/202980--____07_00_2022__03102b96-e5b2-4ce2-9848-a5653daf9dc3.mp4,,Asher,Weiss
200644,Tisha B'Av on Shabbat Part 2,2022-08-04,1430,English,Holidays,Tisha B'Av,https://ta-lectures.s3.us-east-005.backblazeb2.com/thumbnails/200644/200644.jpg,https://dl.torahanytime.com/mp3/200644--____07_05_2022__ac7df875-b0d9-4082-b65f-d8b397282991.mp4.mp3,https://ta-lectures.s3.us-east-005.backblazeb2.com/mobileres/200644--____07_05_2022__ac7df875-b0d9-4082-b65f-d8b397282991.mp4,,Asher,Weiss
199734,Tisha B'Av on Shabbat Part 1,2022-07-28,2369,English,Holidays,Tisha B'Av,https://ta-lectures.s3.us-east-005.backblazeb2.com/thumbnails/199734/199734.jpg,https://dl.torahanytime.com/mp3/199734--____06_05_2022__88fd2c1f-1059-427e-b37e-3330d2473ed5.mp4.mp3,https://ta-lectures.s3.us-east-005.backblazeb2.com/mobileres/199734--____06_05_2022__88fd2c1f-1059-427e-b37e-3330d2473ed5.mp4,,Asher,Weiss
198469,בענין גניבת דעת,2022-07-18,3572,English,Halacha/Jewish Law,,https://ta-lectures.s3.us-east-005.backblazeb2.com/thumbnails/198469/198469.jpg,https://dl.torahanytime.com/mp3/198469--____06_03_2022__23469ab0-fdaf-44db-9b98-3a363e18d53a.mp4.mp3,https://ta-lectures.s3.us-east-005.backblazeb2.com/mobileres/198469--____06_03_2022__23469ab0-fdaf-44db-9b98-3a363e18d53a.mp4,,Asher,Weiss
197915,דבר הלכה ואגדה,2022-07-14,3160,Yiddish,Jewish Understanding,,https://ta-lectures.s3.us-east-005.backblazeb2.com/thumbnails/197915/197915.jpg,https://dl.torahanytime.com/mp3/197915--____06_04_2022__b8c494f5-54ff-416b-bd08-33048af1eab5.mp4.mp3,https://ta-lectures.s3.us-east-005.backblazeb2.com/mobileres/197915--____06_04_2022__b8c494f5-54ff-416b-bd08-33048af1eab5.mp4,,Asher,Weiss
197070,Parashat Balak: Torat Haminhag,2022-07-07,3232,English,Parasha/Torah Portion,Balak,https://ta-lectures.s3.us-east-005.backblazeb2.com/thumbnails/197070/197070.jpg,https://dl.torahanytime.com/mp3/197070--____06_04_2022__7fea0a26-ec34-4cc1-8ea8-ea55e60f8547.mp4.mp3,https://ta-lectures.s3.us-east-005.backblazeb2.com/mobileres/197070--____06_04_2022__7fea0a26-ec34-4cc1-8ea8-ea55e60f8547.mp4,,Asher,Weiss
196235,Parashat Chukat - A Vessel in Laws of the Torah,2022-06-30,2127,English,Parasha/Torah Portion,Chukat,https://ta-lectures.s3.us-east-005.backblazeb2.com/thumbnails/196235/196235.jpg,https://dl.torahanytime.com/mp3/196235--____05_04_2022__074edf54-40aa-474b-9b1f-5aa3ebddb8c0.mp4.mp3,https://ta-lectures.s3.us-east-005.backblazeb2.com/mobileres/196235--____05_04_2022__074edf54-40aa-474b-9b1f-5aa3ebddb8c0.mp4,,Asher,Weiss
195433,Parashat Korach: Terumah and Shevi'it Nowadays,2022-06-23,2032,English,Parasha/Torah Portion,Korach,https://ta-lectures.s3.us-east-005.backblazeb2.com/thumbnails/195433/195433.jpg,https://dl.torahanytime.com/mp3/195433--____05_04_2022__923fce12-f845-4f76-b63c-89b57c58dfd9.mp4.mp3,https://ta-lectures.s3.us-east-005.backblazeb2.com/mobileres/195433--____05_04_2022__923fce12-f845-4f76-b63c-89b57c58dfd9.mp4,,Asher,Weiss
194528,Parashat Shelach: Ner Shabbat,2022-06-16,2176,English,Parasha/Torah Portion,Shelach,https://ta-lectures.s3.us-east-005.backblazeb2.com/thumbnails/194528/194528.jpg,https://dl.torahanytime.com/mp3/194528--____05_05_2022__f967bdf8-90d3-423b-8925-4cde1fc029f2.mp4.mp3,https://ta-lectures.s3.us-east-005.backblazeb2.com/mobileres/194528--____05_05_2022__f967bdf8-90d3-423b-8925-4cde1fc029f2.mp4,,Asher,Weiss
193020,Shavuot: Birkat Hatorah - De'orayta or Derabanan,2022-06-02,1754,English,Holidays,Shavuot,https://ta-lectures.s3.us-east-005.backblazeb2.com/thumbnails/193020/193020.jpg,https://dl.torahanytime.com/mp3/193020--____05_04_2022__35144d26-f197-4e6b-8f68-ce95d66bb4bc.mp4.mp3,https://ta-lectures.s3.us-east-005.backblazeb2.com/mobileres/193020--____05_04_2022__35144d26-f197-4e6b-8f68-ce95d66bb4bc.mp4,,Asher,Weiss
192020,Parashat Bamidbar: Shlichut in Pidyon HaBen,2022-05-26,1938,English,Parasha/Torah Portion,Bamidbar,https://ta-lectures.s3.us-east-005.backblazeb2.com/thumbnails/192020/192020.jpg,https://dl.torahanytime.com/mp3/192020--____04_04_2022__6c8336f6-451a-4b9d-998d-2b560eb79494.mp4.mp3,https://ta-lectures.s3.us-east-005.backblazeb2.com/mobileres/192020--____04_04_2022__6c8336f6-451a-4b9d-998d-2b560eb79494.mp4,,Asher,Weiss
190203,Parashat Behar: The Mitzvah of Eating Fruit in Shevi'it,2022-05-12,1791,English,Parasha/Torah Portion,Behar,https://ta-lectures.s3.us-east-005.backblazeb2.com/thumbnails/190203/190203.jpg,https://dl.torahanytime.com/mp3/190203--____04_05_2022__e6a308c1-04fb-4e5a-a96b-128657b19c61.mp4.mp3,https://ta-lectures.s3.us-east-005.backblazeb2.com/mobileres/190203--____04_05_2022__e6a308c1-04fb-4e5a-a96b-128657b19c61.mp4,,Asher,Weiss
189191,Parashat Emor - Women in Counting the Omer,2022-05-05,2169,English,Parasha/Torah Portion,Emor,https://ta-lectures.s3.us-east-005.backblazeb2.com/thumbnails/189191/189191.jpg,https://dl.torahanytime.com/mp3/189191--____04_05_2022__73b6a8c5-e378-49d3-8e7b-6193043d0f0f.mp4.mp3,https://ta-lectures.s3.us-east-005.backblazeb2.com/mobileres/189191--____04_05_2022__73b6a8c5-e378-49d3-8e7b-6193043d0f0f.mp4,,Asher,Weiss
188257,Netilat Yadayim for a Meal,2022-04-28,1507,English,Jewish Understanding,,https://ta-lectures.s3.us-east-005.backblazeb2.com/thumbnails/188257/188257.jpg,https://dl.torahanytime.com/mp3/188257--____03_04_2022__c687bbcf-490d-417e-b4b8-7dbd7711f4d4.mp4.mp3,https://ta-lectures.s3.us-east-005.backblazeb2.com/mobileres/188257--____03_04_2022__c687bbcf-490d-417e-b4b8-7dbd7711f4d4.mp4,,Asher,Weiss
186866,Pesach: Preparation for Leil Haseder,2022-04-13,1614,English,Holidays,Pesach/Passover,https://ta-lectures.s3.us-east-005.backblazeb2.com/thumbnails/186866/186866.jpg,https://dl.torahanytime.com/mp3/186866--____03_03_2022__b1305b4e-728c-44f6-8203-f627cae4de08.mp4.mp3,https://ta-lectures.s3.us-east-005.backblazeb2.com/mobileres/186866--____03_03_2022__b1305b4e-728c-44f6-8203-f627cae4de08.mp4,,Asher,Weiss
185806,"Pesach: ""Kol Shelo Amar Shlosha Dvorim B'Pesach...""",2022-04-06,1959,English,Holidays,Pesach/Passover,https://ta-lectures.s3.us-east-005.backblazeb2.com/thumbnails/185806/185806.jpg,https://dl.torahanytime.com/mp3/185806--____03_03_2022__00deae5b-17e9-428e-8af4-5520c1877b32.mp4.mp3,https://ta-lectures.s3.us-east-005.backblazeb2.com/mobileres/185806--____03_03_2022__00deae5b-17e9-428e-8af4-5520c1877b32.mp4,,Asher,Weiss
185190,Four Kosot on the Pesach Night with Wine of Shvi'it,2022-03-31,1832,English,Holidays,Pesach/Passover,https://ta-lectures.s3.us-east-005.backblazeb2.com/thumbnails/185190/185190.jpg,https://dl.torahanytime.com/mp3/185190--____03_05_2022__dc87ef4b-2e4d-4951-9cb7-1fe00a16d174.mp4.mp3,https://ta-lectures.s3.us-east-005.backblazeb2.com/mobileres/185190--____03_05_2022__dc87ef4b-2e4d-4951-9cb7-1fe00a16d174.mp4,,Asher,Weiss
183787,Parashat Shemini: Forty Sa'ah of a Mikvah,2022-03-22,2094,English,Parasha/Torah Portion,Shemini,https://ta-lectures.s3.us-east-005.backblazeb2.com/thumbnails/183787/183787.jpg,https://dl.torahanytime.com/mp3/183787--____02_02_2022__3bc132b5-5ba9-43c0-83b1-5995f099141d.mp4.mp3,https://ta-lectures.s3.us-east-005.backblazeb2.com/mobileres/183787--____02_02_2022__3bc132b5-5ba9-43c0-83b1-5995f099141d.mp4,,Asher,Weiss
183043,Matanot La’Evyonim- Mishloach Manot - Simchat Purim,2022-03-15,2223,English,Holidays,Purim,https://ta-lectures.s3.us-east-005.backblazeb2.com/thumbnails/183043/183043.jpg,https://dl.torahanytime.com/mp3/183043--____02_03_2022__82ba216e-962f-494e-94c8-10bc8e8b7051.mp4.mp3,https://ta-lectures.s3.us-east-005.backblazeb2.com/mobileres/183043--____02_03_2022__82ba216e-962f-494e-94c8-10bc8e8b7051.mp4,,Asher,Weiss
182571,Parashat Zachor: Remembering Masei Amalek,2022-03-11,2175,English,Parasha/Torah Portion,Zachor,https://ta-lectures.s3.us-east-005.backblazeb2.com/thumbnails/182571/182571.jpg,https://dl.torahanytime.com/mp3/182571--____02_00_2022__8b89c70a-9949-4f7b-84ef-e4de45ef6b6a.mp4.mp3,https://ta-lectures.s3.us-east-005.backblazeb2.com/mobileres/182571--____02_00_2022__8b89c70a-9949-4f7b-84ef-e4de45ef6b6a.mp4,,Asher,Weiss
181273,Parshat Pekudei: Boneh - Building,2022-03-02,2714,English,Parasha/Torah Portion,Pekudei,https://ta-lectures.s3.us-east-005.backblazeb2.com/thumbnails/181273/181273.jpg,https://dl.torahanytime.com/mp3/181273--____02_03_2022__602f6548-76df-47e2-938a-74fe286ca501.mp4.mp3,https://ta-lectures.s3.us-east-005.backblazeb2.com/mobileres/181273--____02_03_2022__602f6548-76df-47e2-938a-74fe286ca501.mp4,,Asher,Weiss
180843,Ramat Eshkol Community Asifa: קדושים תהיו,2022-02-28,4451,English,Jewish Understanding,,https://ta-lectures.s3.us-east-005.backblazeb2.com/thumbnails/180843/180843.jpg,https://dl.torahanytime.com/mp3/180843--____01_01_2022__ede49687-df4b-44b2-a32e-4ba778f2c178.mp4.mp3,https://ta-lectures.s3.us-east-005.backblazeb2.com/mobileres/180843--____01_01_2022__ede49687-df4b-44b2-a32e-4ba778f2c178.mp4,,Special,Event
180472,Parashat Vayakhel: Construction of the Mishkan Does Not Postpone Shabbat,2022-02-24,1928,English,Parasha/Torah Portion,Vayakhel,https://ta-lectures.s3.us-east-005.backblazeb2.com/thumbnails/180472/180472.jpg,https://dl.torahanytime.com/mp3/180472--____01_04_2022__e2058fd1-7476-4987-b291-25346c2f2ff1.mp4.mp3,https://ta-lectures.s3.us-east-005.backblazeb2.com/mobileres/180472--____01_04_2022__e2058fd1-7476-4987-b291-25346c2f2ff1.mp4,,Asher,Weiss
180118,Agudah Yerushalayim Yarchei Kallah 5782,2022-02-22,3379,English,Jewish Understanding,,https://ta-lectures.s3.us-east-005.backblazeb2.com/thumbnails/180118/180118.jpg,https://dl.torahanytime.com/mp3/180118--____01_02_2022__4dbb7eed-e5c7-4572-aadc-8be156dc7c99.mp4.mp3,https://ta-lectures.s3.us-east-005.backblazeb2.com/mobileres/180118--____01_02_2022__4dbb7eed-e5c7-4572-aadc-8be156dc7c99.mp4,,Asher,Weiss
178736,Parashat Tetzaveh: Building the Mishkan from Kosher Species,2022-02-10,2326,English,Parasha/Torah Portion,Tetzaveh,https://ta-lectures.s3.us-east-005.backblazeb2.com/thumbnails/178736/178736.jpg,https://dl.torahanytime.com/mp3/178736--____01_04_2022__2cc162dc-0543-4b86-bdea-5e3288c35760.mp4.mp3,https://ta-lectures.s3.us-east-005.backblazeb2.com/mobileres/178736--____01_04_2022__2cc162dc-0543-4b86-bdea-5e3288c35760.mp4,,Asher,Weiss
177746,Parshat Mishpatim- Hefker Shvies fruit,2022-01-27,2110,English,Parasha/Torah Portion,Mishpatim,https://ta-lectures.s3.us-east-005.backblazeb2.com/thumbnails/177746/177746.jpg,https://dl.torahanytime.com/mp3/177746--____01_03_2022__4f74f079-0f28-4448-b778-3b680ff74c15.mp4.mp3,https://ta-lectures.s3.us-east-005.backblazeb2.com/mobileres/177746--____01_03_2022__4f74f079-0f28-4448-b778-3b680ff74c15.mp4,,Asher,Weiss
176172,Parashat Yitro: 2 Melachot in One Deed,2022-01-19,2502,English,Parasha/Torah Portion,Yitro,https://ta-lectures.s3.us-east-005.backblazeb2.com/thumbnails/176172/176172.jpg,https://dl.torahanytime.com/mp3/176172--____00_03_2022__7742b918-355e-43db-bc7f-5cf9451653e6.mp4.mp3,https://ta-lectures.s3.us-east-005.backblazeb2.com/mobileres/176172--____00_03_2022__7742b918-355e-43db-bc7f-5cf9451653e6.mp4,,Asher,Weiss
175221,Parashat Beshalach: Hiddur Mitzvah,2022-01-12,2387,English,Parasha/Torah Portion,Beshalach,https://ta-lectures.s3.us-east-005.backblazeb2.com/thumbnails/175221/175221.jpg,https://dl.torahanytime.com/mp3/175221--____00_03_2022__6eb5816b-596b-4f25-8521-a06e4a54be65.mp4.mp3,https://ta-lectures.s3.us-east-005.backblazeb2.com/mobileres/175221--____00_03_2022__6eb5816b-596b-4f25-8521-a06e4a54be65.mp4,,Asher,Weiss
174463,Parashat Bo: Violating Shabbat and Shemita by Means of a Non-Jew,2022-01-05,2296,English,Parasha/Torah Portion,Bo,https://ta-lectures.s3.us-east-005.backblazeb2.com/thumbnails/174463/174463.jpg,https://dl.torahanytime.com/mp3/174463--____00_03_2022__6bb1dcb5-9ec3-4fe4-bd79-c093ce88e816.mp4.mp3,https://ta-lectures.s3.us-east-005.backblazeb2.com/mobileres/174463--____00_03_2022__6bb1dcb5-9ec3-4fe4-bd79-c093ce88e816.mp4,,Asher,Weiss
173649,Parashat Va'eira: Sefer Yetzirah,2021-12-29,2175,English,Parasha/Torah Portion,Va'eira,https://ta-lectures.s3.us-east-005.backblazeb2.com/thumbnails/173649/173649.jpg,https://dl.torahanytime.com/mp3/173649--____11_03_2021__f3cc954f-d03d-4318-9d28-93365b2010e2.mp4.mp3,https://ta-lectures.s3.us-east-005.backblazeb2.com/mobileres/173649--____11_03_2021__f3cc954f-d03d-4318-9d28-93365b2010e2.mp4,,Asher,Weiss
173036,Parashat Shemot: Panim Chadashot in Ma'achalot Assurot,2021-12-23,2751,English,Parasha/Torah Portion,Shemot,https://ta-lectures.s3.us-east-005.backblazeb2.com/thumbnails/173036/173036.jpg,https://dl.torahanytime.com/mp3/173036--____11_05_2021__a9c3811e-ebf3-4a48-8e73-ac0d52467732.mp4.mp3,https://ta-lectures.s3.us-east-005.backblazeb2.com/mobileres/173036--____11_05_2021__a9c3811e-ebf3-4a48-8e73-ac0d52467732.mp4,,Asher,Weiss
172072,Parashat Vayechi: Baruch Shem Kevod Malchuto,2021-12-16,2112,English,Parasha/Torah Portion,Vayechi,https://ta-lectures.s3.us-east-005.backblazeb2.com/thumbnails/172072/172072.jpg,https://dl.torahanytime.com/mp3/172072--____11_04_2021__2cf80052-6d69-4d50-b0c5-c93ac4fa70b5.mp4.mp3,https://ta-lectures.s3.us-east-005.backblazeb2.com/mobileres/172072--____11_04_2021__2cf80052-6d69-4d50-b0c5-c93ac4fa70b5.mp4,,Asher,Weiss
171269,Learning Torah While On the Way,2021-12-09,2377,English,Jewish Understanding,,https://ta-lectures.s3.us-east-005.backblazeb2.com/thumbnails/171269/171269.jpg,https://dl.torahanytime.com/mp3/171269--____11_04_2021__f979e1dc-2b09-47b7-b8f4-90a122eaf50a.mp4.mp3,https://ta-lectures.s3.us-east-005.backblazeb2.com/mobileres/171269--____11_04_2021__f979e1dc-2b09-47b7-b8f4-90a122eaf50a.mp4,,Asher,Weiss
170576,The Time and Place of Lighting Chanukah Candles,2021-12-01,2468,English,Holidays,Chanukah,https://ta-lectures.s3.us-east-005.backblazeb2.com/thumbnails/170576/170576.jpg,https://dl.torahanytime.com/mp3/170576--____11_05_2021__de7594b2-e393-43a3-b2bf-8d564d2f26b6.mp4.mp3,https://ta-lectures.s3.us-east-005.backblazeb2.com/mobileres/170576--____11_05_2021__de7594b2-e393-43a3-b2bf-8d564d2f26b6.mp4,,Asher,Weiss
170274,Chanukah: Hallel Vhodaa,2021-11-25,2389,English,Holidays,Chanukah,https://ta-lectures.s3.us-east-005.backblazeb2.com/thumbnails/170274/170274.jpg,https://dl.torahanytime.com/mp3/170274--____11_03_2021__14849421-3086-47b8-aead-39604cf710bc.mp4.mp3,https://ta-lectures.s3.us-east-005.backblazeb2.com/mobileres/170274--____11_03_2021__14849421-3086-47b8-aead-39604cf710bc.mp4,,Asher,Weiss
168833,Parashat Vayishlach: Yaakov Married 2 Sisters,2021-11-18,1681,English,Parasha/Torah Portion,Vayishlach,https://ta-lectures.s3.us-east-005.backblazeb2.com/thumbnails/168833/168833.jpg,https://dl.torahanytime.com/mp3/168833--____10_04_2021__2049a290-f3f7-418e-b9ee-e036cc298441.mp4.mp3,https://ta-lectures.s3.us-east-005.backblazeb2.com/mobileres/168833--____10_04_2021__2049a290-f3f7-418e-b9ee-e036cc298441.mp4,,Asher,Weiss
168042,"Parashat Vayetzei: ""Umdena"" in Halacha",2021-11-11,3439,English,Parasha/Torah Portion,Vayetzei,https://ta-lectures.s3.us-east-005.backblazeb2.com/thumbnails/168042/168042.jpg,https://dl.torahanytime.com/mp3/168042--____10_04_2021__6eee335b-9ce7-4ce9-9e22-0a42fb9755b7.mp4.mp3,https://ta-lectures.s3.us-east-005.backblazeb2.com/mobileres/168042--____10_04_2021__6eee335b-9ce7-4ce9-9e22-0a42fb9755b7.mp4,,Asher,Weiss
167290,Parashat Toldot: The Essence of Kinyanim,2021-11-04,2222,English,Parasha/Torah Portion,Toldot,https://ta-lectures.s3.us-east-005.backblazeb2.com/thumbnails/167290/167290.jpg,https://dl.torahanytime.com/mp3/167290--____10_04_2021__2fbc40b0-d7a1-4a56-b090-568c62892cbf.mp4.mp3,https://ta-lectures.s3.us-east-005.backblazeb2.com/mobileres/167290--____10_04_2021__2fbc40b0-d7a1-4a56-b090-568c62892cbf.mp4,,Asher,Weiss
166512,A Transgression For the Sake of Heaven,2021-10-21,2906,English,Jewish Understanding,,https://ta-lectures.s3.us-east-005.backblazeb2.com/thumbnails/166512/166512.jpg,https://dl.torahanytime.com/mp3/166512--____09_04_2021__d2b71d5a-3c56-4d91-95ec-f5e305b0e825.mp4.mp3,https://ta-lectures.s3.us-east-005.backblazeb2.com/mobileres/166512--____09_04_2021__d2b71d5a-3c56-4d91-95ec-f5e305b0e825.mp4,,Asher,Weiss
167206,Agudah Yarchei Kallah: יסודות בהלכות שביעית,2021-10-17,2795,English,Jewish Understanding,,https://ta-lectures.s3.us-east-005.backblazeb2.com/thumbnails/167206/167206.jpg,https://dl.torahanytime.com/mp3/167206--____10_04_2021__79a9c69a-56b5-4580-9565-f0b50bb2f522.mp4.mp3,https://ta-lectures.s3.us-east-005.backblazeb2.com/mobileres/167206--____10_04_2021__79a9c69a-56b5-4580-9565-f0b50bb2f522.mp4,,Asher,Weiss
164798,Parashat Lech Lecha: The Mitzvah of Mila When a Child is Sick,2021-10-13,2793,English,Parasha/Torah Portion,Lech Lecha,https://ta-lectures.s3.us-east-005.backblazeb2.com/thumbnails/164798/164798.jpg,https://dl.torahanytime.com/mp3/164798--____09_03_2021__1872df1b-ae63-4c19-9c22-7ee0403ce0ca.mp4.mp3,https://ta-lectures.s3.us-east-005.backblazeb2.com/mobileres/164798--____09_03_2021__1872df1b-ae63-4c19-9c22-7ee0403ce0ca.mp4,,Asher,Weiss
167143,Agudah yarchai Kallah: Principals of Shmitta,2021-10-10,2232,English,Jewish Understanding,,https://ta-lectures.s3.us-east-005.backblazeb2.com/thumbnails/167143/167143.jpg,https://dl.torahanytime.com/mp3/167143--____10_04_2021__a2691ee7-02cf-4a6d-8dc0-bd43c057300c.mp4.mp3,https://ta-lectures.s3.us-east-005.backblazeb2.com/mobileres/167143--____10_04_2021__a2691ee7-02cf-4a6d-8dc0-bd43c057300c.mp4,,Asher,Weiss
164075,Parashat Noach: The Halachic Significance of Dreams and Ruach HaKodesh,2021-10-06,1852,English,Parasha/Torah Portion,Noach,https://ta-lectures.s3.us-east-005.backblazeb2.com/thumbnails/164075/164075.jpg,https://dl.torahanytime.com/mp3/164075--____09_03_2021__d38188fd-a0ef-41ae-ac2a-8c65c57e885b.mp4.mp3,https://ta-lectures.s3.us-east-005.backblazeb2.com/mobileres/164075--____09_03_2021__d38188fd-a0ef-41ae-ac2a-8c65c57e885b.mp4,,Asher,Weiss
161372,Parashat Nitzavim: The Mitzvah of Teshuva,2021-08-30,2103,English,Parasha/Torah Portion,Nitzavim,https://ta-lectures.s3.us-east-005.backblazeb2.com/thumbnails/161372/161372.jpg,https://dl.torahanytime.com/mp3/161372--____08_03_2021__70007a75-9471-4b90-b01b-cdd5d6ceeba5.mp4.mp3,https://ta-lectures.s3.us-east-005.backblazeb2.com/mobileres/161372--____08_03_2021__70007a75-9471-4b90-b01b-cdd5d6ceeba5.mp4,,Asher,Weiss
160638,Parashat Ki Tavo: Middot Tovot and Gemilut Chasadim,2021-08-25,1867,English,Parasha/Torah Portion,Ki Tavo,https://ta-lectures.s3.us-east-005.backblazeb2.com/thumbnails/160638/160638.jpg,https://dl.torahanytime.com/mp3/160638--____07_03_2021__90076e60-2892-4825-b58c-44b45c2e0b7f.mp4.mp3,https://ta-lectures.s3.us-east-005.backblazeb2.com/mobileres/160638--____07_03_2021__90076e60-2892-4825-b58c-44b45c2e0b7f.mp4,,Asher,Weiss
159912,Parashat Ki Tetzei: Ribbit Devarim,2021-08-17,1957,English,Parasha/Torah Portion,Ki Tetzei,https://ta-lectures.s3.us-east-005.backblazeb2.com/thumbnails/159912/159912.jpg,https://dl.torahanytime.com/mp3/159912--____07_02_2021__db263070-3a71-4257-99bb-8498561157d0.mp4.mp3,https://ta-lectures.s3.us-east-005.backblazeb2.com/mobileres/159912--____07_02_2021__db263070-3a71-4257-99bb-8498561157d0.mp4,,Asher,Weiss
159335,Parashat Shoftim: The Mitzvah Of Appointing Judges And Officers,2021-08-11,1829,English,Parasha/Torah Portion,Shoftim,https://ta-lectures.s3.us-east-005.backblazeb2.com/thumbnails/159335/159335.jpg,https://dl.torahanytime.com/mp3/159335--____07_03_2021__97cc17ff-cff1-438d-a5b8-0a77afd7cff1.mp4.mp3,https://ta-lectures.s3.us-east-005.backblazeb2.com/mobileres/159335--____07_03_2021__97cc17ff-cff1-438d-a5b8-0a77afd7cff1.mp4,,Asher,Weiss
157578,Parashat V'etchanan: ונשמרתם מאד לנפשתיכם,2021-07-21,1755,English,Parasha/Torah Portion,V'etchanan,https://ta-lectures.s3.us-east-005.backblazeb2.com/thumbnails/157578/157578.jpg,https://dl.torahanytime.com/mp3/157578--____06_03_2021__c9299883-4576-4f58-b422-f9495bf3834e.mp4.mp3,https://ta-lectures.s3.us-east-005.backblazeb2.com/mobileres/157578--____06_03_2021__c9299883-4576-4f58-b422-f9495bf3834e.mp4,,Asher,Weiss
156136,The Fast of Tisha B'Av,2021-07-07,1760,English,Holidays,Tisha B'Av,https://ta-lectures.s3.us-east-005.backblazeb2.com/thumbnails/156136/156136.jpg,https://dl.torahanytime.com/mp3/156136--____06_05_2021__cf16927f-7e38-48fb-8cb0-838cd9140791.mp4.mp3,https://ta-lectures.s3.us-east-005.backblazeb2.com/mobileres/156136--____06_05_2021__cf16927f-7e38-48fb-8cb0-838cd9140791.mp4,,Asher,Weiss
155237,Parashat Pinchas - עבורי אחסנתא -העברת נחלה,2021-06-30,2226,English,Parasha/Torah Portion,Pinchas,https://ta-lectures.s3.us-east-005.backblazeb2.com/thumbnails/155237/155237.jpg,https://dl.torahanytime.com/mp3/155237--____05_03_2021__7374ec21-9864-4a61-bd41-7c33424e97db.mp4.mp3,https://ta-lectures.s3.us-east-005.backblazeb2.com/mobileres/155237--____05_03_2021__7374ec21-9864-4a61-bd41-7c33424e97db.mp4,,Asher,Weiss
154659,Parashat Balak: The Similarities of Bet Haknesset and Bet Hamikdash,2021-06-24,2148,English,Parasha/Torah Portion,Balak,https://ta-lectures.s3.us-east-005.backblazeb2.com/thumbnails/154659/154659.jpg,https://dl.torahanytime.com/mp3/154659--____05_05_2021__4a91773e-29c5-4a2d-8a57-fc580f051b40.mp4.mp3,https://ta-lectures.s3.us-east-005.backblazeb2.com/mobileres/154659--____05_05_2021__4a91773e-29c5-4a2d-8a57-fc580f051b40.mp4,,Asher,Weiss
153257,הלכה ואגדה,2021-06-10,3095,Yiddish,Jewish Understanding,,https://ta-lectures.s3.us-east-005.backblazeb2.com/thumbnails/153257/153257.jpg,https://dl.torahanytime.com/mp3/153257--____05_05_2021__d592b549-bb84-47d3-aa99-3e444176288e.mp4.mp3,https://ta-lectures.s3.us-east-005.backblazeb2.com/mobileres/153257--____05_05_2021__d592b549-bb84-47d3-aa99-3e444176288e.mp4,,Asher,Weiss
152201,Bitul Mitzvot Aseh,2021-06-01,2267,English,Jewish Understanding,,https://ta-lectures.s3.us-east-005.backblazeb2.com/thumbnails/152201/152201.jpg,https://dl.torahanytime.com/mp3/152201--____05_02_2021__fa165265-6011-4533-801f-4c514304afc5.mp4.mp3,https://ta-lectures.s3.us-east-005.backblazeb2.com/mobileres/152201--____05_02_2021__fa165265-6011-4533-801f-4c514304afc5.mp4,,Asher,Weiss
151960,Agudah Memorial Day Weekend Yarchei Kallah,2021-05-30,2252,English,Jewish Understanding,,https://ta-lectures.s3.us-east-005.backblazeb2.com/thumbnails/151960/151960.jpg,https://dl.torahanytime.com/mp3/151960--____04_00_2021__46203c22-7d9a-4b97-b935-26890a08da95.mp4.mp3,https://ta-lectures.s3.us-east-005.backblazeb2.com/mobileres/151960--____04_00_2021__46203c22-7d9a-4b97-b935-26890a08da95.mp4,,Asher,Weiss
151763,"Parashat Be'halot'cha: ""Osek B'Mitzvah Patur Min HaMitzvah""",2021-05-27,1954,English,Parasha/Torah Portion,Be'halot'cha,https://ta-lectures.s3.us-east-005.backblazeb2.com/thumbnails/151763/151763.jpg,https://dl.torahanytime.com/mp3/151763--____04_04_2021__ae729493-d42f-42ed-a3e9-5d7bb398b4ba.mp4.mp3,https://ta-lectures.s3.us-east-005.backblazeb2.com/mobileres/151763--____04_04_2021__ae729493-d42f-42ed-a3e9-5d7bb398b4ba.mp4,,Asher,Weiss
150799,Parashat Naso: The mitzvah of Birkat Kohanim on the congregants,2021-05-19,2146,English,Parasha/Torah Portion,Naso,https://ta-lectures.s3.us-east-005.backblazeb2.com/thumbnails/150799/150799.jpg,https://dl.torahanytime.com/mp3/150799--____04_03_2021__86b9e72c-9569-4851-a4dc-042ef32d8150.mp4.mp3,https://ta-lectures.s3.us-east-005.backblazeb2.com/mobileres/150799--____04_03_2021__86b9e72c-9569-4851-a4dc-042ef32d8150.mp4,,Asher,Weiss
150393,(ברכת התורה בחג השבועות (בישיבת אור אלחנן,2021-05-14,1363,Hebrew,Holidays,Shavuot,https://ta-lectures.s3.us-east-005.backblazeb2.com/thumbnails/150393/150393.jpg,https://dl.torahanytime.com/mp3/150393--____04_04_2021__fde8343a-cadc-443c-92d3-d71eb14a4fc1.mp4.mp3,https://ta-lectures.s3.us-east-005.backblazeb2.com/mobileres/150393--____04_04_2021__fde8343a-cadc-443c-92d3-d71eb14a4fc1.mp4,,Asher,Weiss
150033,מנהג שטיחת עשבים בחג השבועות,2021-05-11,2198,English,Holidays,Shavuot,https://ta-lectures.s3.us-east-005.backblazeb2.com/thumbnails/150033/150033.jpg,https://dl.torahanytime.com/mp3/150033--____04_02_2021__b48a934d-e833-4b91-a843-5890c7e64b69.mp4.mp3,https://ta-lectures.s3.us-east-005.backblazeb2.com/mobileres/150033--____04_02_2021__b48a934d-e833-4b91-a843-5890c7e64b69.mp4,,Asher,Weiss
149223,Parshat Behar-Bechukotai: The Definitions of Onaah,2021-05-04,2459,English,Parasha/Torah Portion,Behar-Bechukotai,https://ta-lectures.s3.us-east-005.backblazeb2.com/thumbnails/149223/149223.jpg,https://dl.torahanytime.com/mp3/149223--____04_02_2021__046d026f-6a7a-4564-b859-50debaea9fd8.mp4.mp3,https://ta-lectures.s3.us-east-005.backblazeb2.com/mobileres/149223--____04_02_2021__046d026f-6a7a-4564-b859-50debaea9fd8.mp4,,Asher,Weiss
148440,Parashat Emor: Sefirat HaOmer During Bein Hashmashot,2021-04-26,2442,English,Parasha/Torah Portion,Emor,https://ta-lectures.s3.us-east-005.backblazeb2.com/thumbnails/148440/148440.jpg,https://dl.torahanytime.com/mp3/148440--____03_03_2021__d66b438a-22f6-42ac-ab8f-812e5bd794f8.mp4.mp3,https://ta-lectures.s3.us-east-005.backblazeb2.com/mobileres/148440--____03_03_2021__d66b438a-22f6-42ac-ab8f-812e5bd794f8.mp4,,Asher,Weiss
147657,Parshat Acharei Mot-Kedoshim: Gneivat Daat,2021-04-21,2194,English,Parasha/Torah Portion,Acharei Mot-Kedoshim,https://ta-lectures.s3.us-east-005.backblazeb2.com/thumbnails/147657/147657.jpg,https://dl.torahanytime.com/mp3/147657--____03_03_2021__3b6742ba-ecbe-4b7d-a5a8-bcfa5e483f3c.mp4.mp3,https://ta-lectures.s3.us-east-005.backblazeb2.com/mobileres/147657--____03_03_2021__3b6742ba-ecbe-4b7d-a5a8-bcfa5e483f3c.mp4,,Asher,Weiss
146919,Parashat Tazria-Metzora: The Reliability on Personal Trust in Kashrus,2021-04-14,2398,English,Parasha/Torah Portion,Tazria-Metzora,https://ta-lectures.s3.us-east-005.backblazeb2.com/thumbnails/146919/146919.jpg,https://dl.torahanytime.com/mp3/146919--____03_03_2021__d0e92a64-6e20-4c23-be1e-c5e15864a28d.mp4.mp3,https://ta-lectures.s3.us-east-005.backblazeb2.com/mobileres/146919--____03_03_2021__d0e92a64-6e20-4c23-be1e-c5e15864a28d.mp4,,Asher,Weiss
147361,הקדמה להלכות קידוש בשבת,2021-04-11,2439,English,Halacha/Jewish Law,Shabbat,https://ta-lectures.s3.us-east-005.backblazeb2.com/thumbnails/147361/147361.jpg,https://dl.torahanytime.com/mp3/147361--____03_01_2021__e9ec93c8-b69d-4e66-b402-f5c9b35d57fc.mp4.mp3,https://ta-lectures.s3.us-east-005.backblazeb2.com/mobileres/147361--____03_01_2021__e9ec93c8-b69d-4e66-b402-f5c9b35d57fc.mp4,,Asher,Weiss
146935,Parashat Shemini: Chalav Akum,2021-04-07,3071,English,Parasha/Torah Portion,Shemini,https://ta-lectures.s3.us-east-005.backblazeb2.com/thumbnails/146935/146935.jpg,https://dl.torahanytime.com/mp3/146935--____03_03_2021__ddedbf0a-ad7c-4543-80eb-3fc5d044d9cd.mp4.mp3,https://ta-lectures.s3.us-east-005.backblazeb2.com/mobileres/146935--____03_03_2021__ddedbf0a-ad7c-4543-80eb-3fc5d044d9cd.mp4,,Asher,Weiss
143937,100 Berachot Each Day,2021-03-10,2564,English,Jewish Understanding,,https://ta-lectures.s3.us-east-005.backblazeb2.com/thumbnails/143937/143937.jpg,https://dl.torahanytime.com/mp3/143937--____02_04_2021__d916a327-4e82-41f6-b1a4-e499d49779c5.mp4.mp3,https://ta-lectures.s3.us-east-005.backblazeb2.com/mobileres/143937--____02_04_2021__d916a327-4e82-41f6-b1a4-e499d49779c5.mp4,,Asher,Weiss
143201,The Prohibition of cooking meat & milk,2021-03-04,2083,English,Halacha/Jewish Law,Kosher,https://ta-lectures.s3.us-east-005.backblazeb2.com/thumbnails/143201/143201.jpg,https://dl.torahanytime.com/mp3/143201--____02_04_2021__83bbfdb3-e632-4750-a864-b6e836baa0f9.mp4.mp3,https://ta-lectures.s3.us-east-005.backblazeb2.com/mobileres/143201--____02_04_2021__83bbfdb3-e632-4750-a864-b6e836baa0f9.mp4,,Asher,Weiss
142430,Purim Meshulash,2021-02-24,2577,English,Halacha/Jewish Law,Hilchot Purim,https://ta-lectures.s3.us-east-005.backblazeb2.com/thumbnails/142430/142430.jpg,https://dl.torahanytime.com/mp3/142430--____01_04_2021__f6ac7dc7-b83b-4a0c-923c-d95be8c1657e.mp4.mp3,https://ta-lectures.s3.us-east-005.backblazeb2.com/mobileres/142430--____01_04_2021__f6ac7dc7-b83b-4a0c-923c-d95be8c1657e.mp4,,Asher,Weiss
141664,Zechirat Maaseh Amalek,2021-02-19,2740,English,Parasha/Torah Portion,Zachor,https://ta-lectures.s3.us-east-005.backblazeb2.com/thumbnails/141664/141664.jpg,https://dl.torahanytime.com/mp3/141664--____01_05_2021__fd432a13-52a4-4d14-a1d4-16283e9eacbb.mp4.mp3,https://ta-lectures.s3.us-east-005.backblazeb2.com/mobileres/141664--____01_05_2021__fd432a13-52a4-4d14-a1d4-16283e9eacbb.mp4,,Asher,Weiss
140789,Does the Shekalim Reading Precede the Rosh Chodesh?,2021-02-11,2911,English,Parasha/Torah Portion,Shekalim,https://ta-lectures.s3.us-east-005.backblazeb2.com/thumbnails/140789/140789.jpg,https://dl.torahanytime.com/mp3/140789--____01_05_2021__28d5154c-ec06-43db-b502-de978c25dfca.mp4.mp3,https://ta-lectures.s3.us-east-005.backblazeb2.com/mobileres/140789--____01_05_2021__28d5154c-ec06-43db-b502-de978c25dfca.mp4,,Asher,Weiss
139837,Respecting Parents in the COVID-19,2021-02-04,2955,English,Jewish Understanding,,https://ta-lectures.s3.us-east-005.backblazeb2.com/thumbnails/139837/139837.jpg,https://dl.torahanytime.com/mp3/139837--____01_04_2021__507d87f7-cdf4-47a1-b798-47e1e6eca109.mp4.mp3,https://ta-lectures.s3.us-east-005.backblazeb2.com/mobileres/139837--____01_04_2021__507d87f7-cdf4-47a1-b798-47e1e6eca109.mp4,,Asher,Weiss
140512,Agudah Hilchot Purim: הקדמה להלכות מגילה,2021-01-31,2609,English,Holidays,Purim,https://ta-lectures.s3.us-east-005.backblazeb2.com/thumbnails/140512/140512.jpg,https://dl.torahanytime.com/mp3/140512--____01_03_2021__6021eefa-3c70-47bc-bcf7-9ab85ac3a6e0.mp4.mp3,https://ta-lectures.s3.us-east-005.backblazeb2.com/mobileres/140512--____01_03_2021__6021eefa-3c70-47bc-bcf7-9ab85ac3a6e0.mp4,,Asher,Weiss
139040,Parashat Beshalach: Shabbat in Mara,2021-01-28,2646,English,Parasha/Torah Portion,Beshalach,https://ta-lectures.s3.us-east-005.backblazeb2.com/thumbnails/139040/139040.jpg,https://dl.torahanytime.com/mp3/139040--____00_04_2021__df32edba-88f2-4bb1-bc3d-f587fed72966.mp4.mp3,https://ta-lectures.s3.us-east-005.backblazeb2.com/mobileres/139040--____00_04_2021__df32edba-88f2-4bb1-bc3d-f587fed72966.mp4,,Asher,Weiss
138392,Yomtov Sheni Shel Galiyot,2021-01-21,3433,English,Jewish Understanding,,https://ta-lectures.s3.us-east-005.backblazeb2.com/thumbnails/138392/138392.jpg,https://dl.torahanytime.com/mp3/138392--____00_05_2021__68e7c9af-9003-4dbb-8152-eb6b6850183b.mp4.mp3,https://ta-lectures.s3.us-east-005.backblazeb2.com/mobileres/138392--____00_05_2021__68e7c9af-9003-4dbb-8152-eb6b6850183b.mp4,,Asher,Weiss
137321,"""Yehareg V'Al Yaavor""",2021-01-13,2470,English,Jewish Understanding,,https://ta-lectures.s3.us-east-005.backblazeb2.com/thumbnails/137321/137321.jpg,https://dl.torahanytime.com/mp3/137321--____00_03_2021__d44afaee-4f3c-4080-a1c3-20ecf10f007d.mp4.mp3,https://ta-lectures.s3.us-east-005.backblazeb2.com/mobileres/137321--____00_03_2021__d44afaee-4f3c-4080-a1c3-20ecf10f007d.mp4,,Asher,Weiss
136687,The Halachic Status of a Fetus,2021-01-07,3194,English,Jewish Understanding,,https://ta-lectures.s3.us-east-005.backblazeb2.com/thumbnails/136687/136687.jpg,https://dl.torahanytime.com/mp3/136687--____00_05_2021__72de596a-8fd3-4631-8d24-a6025ee54b9c.mp4.mp3,https://ta-lectures.s3.us-east-005.backblazeb2.com/mobileres/136687--____00_05_2021__72de596a-8fd3-4631-8d24-a6025ee54b9c.mp4,,Asher,Weiss
136704,Powerful COVID - 19 Discussion,2021-01-07,646,English,Corona Chizuk,,https://ta-lectures.s3.us-east-005.backblazeb2.com/thumbnails/audio.jpg,https://dl.torahanytime.com/mp3/136704--____00_05_2021__e9ed1927-c2f6-4f35-8678-5ccbbbd7ac89.mp3.mp3,,,Asher,Weiss
136021,Parashat Vayechi: Yissaschar/Zevulan Contract,2021-01-01,3129,English,Parasha/Torah Portion,Vayechi,https://ta-lectures.s3.us-east-005.backblazeb2.com/thumbnails/136021/136021.jpg,https://dl.torahanytime.com/mp3/136021--____00_00_2021__2b630877-c967-49d7-bec5-f60cff657048.mp4.mp3,https://ta-lectures.s3.us-east-005.backblazeb2.com/mobileres/136021--____00_00_2021__2b630877-c967-49d7-bec5-f60cff657048.mp4,,Asher,Weiss
134903,Reciting the “Shehecheyanu” Blessing Upon Seeing a Dear Friend after Covid 19,2020-12-24,2466,English,Jewish Understanding,,https://ta-lectures.s3.us-east-005.backblazeb2.com/thumbnails/134903/134903.jpg,https://dl.torahanytime.com/mp3/134903--____11_05_2020__76a9178e-f07b-45ea-95c0-b220275de7c6.mp4.mp3,https://ta-lectures.s3.us-east-005.backblazeb2.com/mobileres/134903--____11_05_2020__76a9178e-f07b-45ea-95c0-b220275de7c6.mp4,,Asher,Weiss
133917,The Covid 19 vaccine,2020-12-16,3993,English,Jewish Understanding,,https://ta-lectures.s3.us-east-005.backblazeb2.com/thumbnails/133917/133917.jpg,https://dl.torahanytime.com/mp3/133917--____11_04_2020__2d61b9fc-9354-4f0a-bf4b-b9f773bca5c0.mp4.mp3,https://ta-lectures.s3.us-east-005.backblazeb2.com/mobileres/133917--____11_04_2020__2d61b9fc-9354-4f0a-bf4b-b9f773bca5c0.mp4,,Asher,Weiss
133901,Hilchot Chanukah Series: זמן ומקום בנר חנוכה,2020-12-13,2793,English,Holidays,Chanukah,https://ta-lectures.s3.us-east-005.backblazeb2.com/thumbnails/133901/133901.jpg,https://dl.torahanytime.com/mp3/133901--____11_04_2020__ba99d1bf-1d2d-4f0f-812b-62b7da5383de.mp4.mp3,https://ta-lectures.s3.us-east-005.backblazeb2.com/mobileres/133901--____11_04_2020__ba99d1bf-1d2d-4f0f-812b-62b7da5383de.mp4,,Asher,Weiss
133893,Lighting Chanukah Candles in the Covid 19 Era,2020-12-11,3141,English,Holidays,Chanukah,https://ta-lectures.s3.us-east-005.backblazeb2.com/thumbnails/133893/133893.jpg,https://dl.torahanytime.com/mp3/133893--____11_03_2020__03f7bea4-8196-455e-a761-abb660bdc460.mp4.mp3,https://ta-lectures.s3.us-east-005.backblazeb2.com/mobileres/133893--____11_03_2020__03f7bea4-8196-455e-a761-abb660bdc460.mp4,,Asher,Weiss
132782,Halacha's Reliance on Medicine and Science,2020-12-07,3083,English,Jewish Understanding,,https://ta-lectures.s3.us-east-005.backblazeb2.com/thumbnails/132782/132782.jpg,https://dl.torahanytime.com/mp3/132782--____11_02_2020__2f4827b3-caa8-413a-be81-3adeab925f65.mp4.mp3,https://ta-lectures.s3.us-east-005.backblazeb2.com/mobileres/132782--____11_02_2020__2f4827b3-caa8-413a-be81-3adeab925f65.mp4,,Asher,Weiss
133885,Hilchot Chanukah Series: הקדמה לעניני חנוכה,2020-12-06,2327,English,Holidays,Chanukah,https://ta-lectures.s3.us-east-005.backblazeb2.com/thumbnails/133885/133885.jpg,https://dl.torahanytime.com/mp3/133885--____11_03_2020__34941d0c-3f5e-459d-bc25-bed89ad114a1.mp4.mp3,https://ta-lectures.s3.us-east-005.backblazeb2.com/mobileres/133885--____11_03_2020__34941d0c-3f5e-459d-bc25-bed89ad114a1.mp4,,Asher,Weiss
131963,קיבלו עלייהו חובה,2020-11-27,3465,English,Jewish Understanding,,https://ta-lectures.s3.us-east-005.backblazeb2.com/thumbnails/131963/131963.jpg,https://dl.torahanytime.com/mp3/131963--____10_01_2020__0b4ac334-f82b-4bdd-ae7c-cf1abd5c43c5.mp4.mp3,https://ta-lectures.s3.us-east-005.backblazeb2.com/mobileres/131963--____10_01_2020__0b4ac334-f82b-4bdd-ae7c-cf1abd5c43c5.mp4,,Asher,Weiss
131036,"""Gereira B'Kinyanim""",2020-11-22,2844,English,Jewish Understanding,,https://ta-lectures.s3.us-east-005.backblazeb2.com/thumbnails/131036/131036.jpg,https://dl.torahanytime.com/mp3/131036--____10_00_2020__7a195305-9ca2-4e94-ba66-12f020b9a177.mp4.mp3,https://ta-lectures.s3.us-east-005.backblazeb2.com/mobileres/131036--____10_00_2020__7a195305-9ca2-4e94-ba66-12f020b9a177.mp4,,Asher,Weiss
130382,The Mitzvah of Mourning,2020-11-16,3126,English,Jewish Understanding,,https://ta-lectures.s3.us-east-005.backblazeb2.com/thumbnails/130382/130382.jpg,https://dl.torahanytime.com/mp3/130382--____10_02_2020__30cd7f43-2dbd-444b-b6dd-355ec4414fe8.mp4.mp3,https://ta-lectures.s3.us-east-005.backblazeb2.com/mobileres/130382--____10_02_2020__30cd7f43-2dbd-444b-b6dd-355ec4414fe8.mp4,,Asher,Weiss
131051,Agudah Hilchot Shabbat Halacha Lemaaseh Series: Microwave and Alternate Forms of Bishul,2020-11-15,3484,English,Halacha/Jewish Law,Shabbat,https://ta-lectures.s3.us-east-005.backblazeb2.com/thumbnails/131051/131051.jpg,https://dl.torahanytime.com/mp3/131051--____10_00_2020__878e658c-3c36-43c3-830f-eb5cc347dd45.mp4.mp3,https://ta-lectures.s3.us-east-005.backblazeb2.com/mobileres/131051--____10_00_2020__878e658c-3c36-43c3-830f-eb5cc347dd45.mp4,,Asher,Weiss
130366,Short Vort on Parashat Chayei Sarah,2020-11-13,569,English,Parasha/Torah Portion,Chayei Sarah,https://ta-lectures.s3.us-east-005.backblazeb2.com/thumbnails/130366/130366.jpg,https://dl.torahanytime.com/mp3/130366--____10_01_2020__5c0b5833-d558-40c2-92a8-6104b5bed2d3.mp4.mp3,https://ta-lectures.s3.us-east-005.backblazeb2.com/mobileres/130366--____10_01_2020__5c0b5833-d558-40c2-92a8-6104b5bed2d3.mp4,,Asher,Weiss
130462,Agudah Hilchot Shabbat Halacha Lemaaseh Series: הגדרת מלאכת מבשל,2020-11-08,2943,English,Halacha/Jewish Law,Shabbat,https://ta-lectures.s3.us-east-005.backblazeb2.com/thumbnails/130462/130462.jpg,https://dl.torahanytime.com/mp3/130462--____10_02_2020__7d040081-88b6-4102-99ad-3a7bc9aed568.mp4.mp3,https://ta-lectures.s3.us-east-005.backblazeb2.com/mobileres/130462--____10_02_2020__7d040081-88b6-4102-99ad-3a7bc9aed568.mp4,,Asher,Weiss
129050,Parashat Vayeira: Visiting the Sick During a Pandemic,2020-11-04,3322,English,Parasha/Torah Portion,Vayeira,https://ta-lectures.s3.us-east-005.backblazeb2.com/thumbnails/129050/129050.jpg,https://dl.torahanytime.com/mp3/129050--____10_04_2020__8e859ddc-2cbb-4e6f-878f-3558b47d9254.mp4.mp3,https://ta-lectures.s3.us-east-005.backblazeb2.com/mobileres/129050--____10_04_2020__8e859ddc-2cbb-4e6f-878f-3558b47d9254.mp4,,Asher,Weiss
130449,Agudah Hilchot Shabbat Halacha Lemaaseh Series: יסוד מלאכת בורר,2020-11-01,2961,English,Halacha/Jewish Law,Shabbat,https://ta-lectures.s3.us-east-005.backblazeb2.com/thumbnails/130449/130449.jpg,https://dl.torahanytime.com/mp3/130449--____10_02_2020__22e9ba63-f2fd-4871-9668-ea59a9be51cd.mp4.mp3,https://ta-lectures.s3.us-east-005.backblazeb2.com/mobileres/130449--____10_02_2020__22e9ba63-f2fd-4871-9668-ea59a9be51cd.mp4,,Asher,Weiss
128150,Parashat Lech Lecha: The Death of a Brother Due to Brit Milah,2020-10-28,3442,English,Parasha/Torah Portion,Lech Lecha,https://ta-lectures.s3.us-east-005.backblazeb2.com/thumbnails/128150/128150.jpg,https://dl.torahanytime.com/mp3/128150--____09_03_2020__160db809-ac22-4daa-95ed-988df85a5e13.mp4.mp3,https://ta-lectures.s3.us-east-005.backblazeb2.com/mobileres/128150--____09_03_2020__160db809-ac22-4daa-95ed-988df85a5e13.mp4,,Asher,Weiss
128708,Agudah Hilchot Shabbat Halacha Lemaaseh Series - יסוד מלאכת דש,2020-10-25,3130,English,Halacha/Jewish Law,Shabbat,https://ta-lectures.s3.us-east-005.backblazeb2.com/thumbnails/128708/128708.jpg,https://dl.torahanytime.com/mp3/128708--____10_01_2020__a8b552d8-6543-4ae7-b166-4e960b07bacc.mp4.mp3,https://ta-lectures.s3.us-east-005.backblazeb2.com/mobileres/128708--____10_01_2020__a8b552d8-6543-4ae7-b166-4e960b07bacc.mp4,,Asher,Weiss
127367,‏נכרי שעוסק בתורה חייב מיתה,2020-10-21,3341,Hebrew,Jewish Understanding,,https://ta-lectures.s3.us-east-005.backblazeb2.com/thumbnails/127367/127367.jpg,https://dl.torahanytime.com/mp3/127367--____09_03_2020__44910b43-f3f3-4073-bee0-0c2e3e54e0de.mp4.mp3,https://ta-lectures.s3.us-east-005.backblazeb2.com/mobileres/127367--____09_03_2020__44910b43-f3f3-4073-bee0-0c2e3e54e0de.mp4,,Asher,Weiss
127788,Talmud Torah for Non-Jews,2020-10-21,2856,English,Jewish Understanding,,https://ta-lectures.s3.us-east-005.backblazeb2.com/thumbnails/127788/127788.jpg,https://dl.torahanytime.com/mp3/127788--____09_00_2020__94f4ba5d-1c08-4e60-bba1-1dc5d003f260.mp4.mp3,https://ta-lectures.s3.us-east-005.backblazeb2.com/mobileres/127788--____09_00_2020__94f4ba5d-1c08-4e60-bba1-1dc5d003f260.mp4,,Asher,Weiss
127303,Yartzheit of Maran HaGaon HaRav Ovadia Yosef ZTL,2020-10-20,985,English,Eulogies/Hespedim,,https://ta-lectures.s3.us-east-005.backblazeb2.com/thumbnails/127303/127303.jpg,https://dl.torahanytime.com/mp3/127303--____09_03_2020__34a0ef1d-5d0f-42d9-9b27-3951781b7090.mp4.mp3,https://ta-lectures.s3.us-east-005.backblazeb2.com/mobileres/127303--____09_03_2020__34a0ef1d-5d0f-42d9-9b27-3951781b7090.mp4,,Asher,Weiss
128694,Agudah Hilchot Shabbat Halacha Lemaaseh Series - יסוד מלאכת זורע ובישול,2020-10-18,2621,English,Halacha/Jewish Law,Shabbat,https://ta-lectures.s3.us-east-005.backblazeb2.com/thumbnails/128694/128694.jpg,https://dl.torahanytime.com/mp3/128694--____10_01_2020__8a53e9ac-0c37-4820-88c2-ed7348c91191.mp4.mp3,https://ta-lectures.s3.us-east-005.backblazeb2.com/mobileres/128694--____10_01_2020__8a53e9ac-0c37-4820-88c2-ed7348c91191.mp4,,Asher,Weiss
127376,"פרשת בראשית תשפ""א",2020-10-17,1113,Hebrew,Parasha/Torah Portion,Bereishit,https://ta-lectures.s3.us-east-005.backblazeb2.com/thumbnails/127376/127376.jpg,https://dl.torahanytime.com/mp3/127376--____09_03_2020__4c65fd91-8a44-4fc3-98fe-922343b7ee3f.mp4.mp3,https://ta-lectures.s3.us-east-005.backblazeb2.com/mobileres/127376--____09_03_2020__4c65fd91-8a44-4fc3-98fe-922343b7ee3f.mp4,,Asher,Weiss
126923,"""Chamira Sakanta Miesura""",2020-10-15,2671,English,Jewish Understanding,,https://ta-lectures.s3.us-east-005.backblazeb2.com/thumbnails/126923/126923.jpg,https://dl.torahanytime.com/mp3/126923--____09_05_2020__5ff21859-f280-45d0-9f4f-15e7bfc7227d.mp4.mp3,https://ta-lectures.s3.us-east-005.backblazeb2.com/mobileres/126923--____09_05_2020__5ff21859-f280-45d0-9f4f-15e7bfc7227d.mp4,,Asher,Weiss
126557,Hoshana Raba - The Essense of the Day,2020-10-08,1469,English,Holidays,Hoshana Raba,https://ta-lectures.s3.us-east-005.backblazeb2.com/thumbnails/126557/126557.jpg,https://dl.torahanytime.com/mp3/126557--____09_01_2020__8f59aed9-bf9a-4985-9aa3-38dc0c1994db.mp4.mp3,https://ta-lectures.s3.us-east-005.backblazeb2.com/mobileres/126557--____09_01_2020__8f59aed9-bf9a-4985-9aa3-38dc0c1994db.mp4,,Asher,Weiss
125151,Agudah Yerach Ha’eyosnim Series: Teshuva,2020-09-22,2685,English,Teshuvah/Repentance,,https://ta-lectures.s3.us-east-005.backblazeb2.com/thumbnails/125151/125151.jpg,https://dl.torahanytime.com/mp3/125151--____08_04_2020__707d0ec4-138a-45d9-87fc-4e2e7de73d8b.mp4.mp3,https://ta-lectures.s3.us-east-005.backblazeb2.com/mobileres/125151--____08_04_2020__707d0ec4-138a-45d9-87fc-4e2e7de73d8b.mp4,,Asher,Weiss
125722,Hatarat Nedarim on Erev Rosh Hashanah,2020-09-17,2410,English,Holidays,Rosh Hashanah,https://ta-lectures.s3.us-east-005.backblazeb2.com/thumbnails/125722/125722.jpg,https://dl.torahanytime.com/mp3/125722--____08_03_2020__3bddb97a-2d3e-47bf-b87a-c24f29b9f8f8.mp4.mp3,https://ta-lectures.s3.us-east-005.backblazeb2.com/mobileres/125722--____08_03_2020__3bddb97a-2d3e-47bf-b87a-c24f29b9f8f8.mp4,,Asher,Weiss
124142,Panama Yarchei Kallah: מצוות תשובה,2020-09-13,2944,Hebrew,Teshuvah/Repentance,,https://ta-lectures.s3.us-east-005.backblazeb2.com/thumbnails/124142/124142.jpg,https://dl.torahanytime.com/mp3/124142--____08_00_2020__499c257d-7035-411a-b9d0-8d8eeadc2141.mp4.mp3,https://ta-lectures.s3.us-east-005.backblazeb2.com/mobileres/124142--____08_00_2020__499c257d-7035-411a-b9d0-8d8eeadc2141.mp4,,Asher,Weiss
124508,Agudah Yarchei Kallah: Cholim on Yom Kippur In The Time Of Corona,2020-09-13,4587,English,Halacha/Jewish Law,,https://ta-lectures.s3.us-east-005.backblazeb2.com/thumbnails/124508/124508.jpg,https://dl.torahanytime.com/mp3/124508--____08_03_2020__4532d5df-db1b-4007-99c0-e312d856b9ba.mp4.mp3,https://ta-lectures.s3.us-east-005.backblazeb2.com/mobileres/124508--____08_03_2020__4532d5df-db1b-4007-99c0-e312d856b9ba.mp4,,Asher,Weiss
123872,Simcha on Rosh Hashanah and Yom Kippur,2020-09-09,2256,English,Holidays,Rosh Hashanah,https://ta-lectures.s3.us-east-005.backblazeb2.com/thumbnails/123872/123872.jpg,https://dl.torahanytime.com/mp3/123872--____08_04_2020__2331c8e4-a240-4957-a2c9-42f255e46557.mp4.mp3,https://ta-lectures.s3.us-east-005.backblazeb2.com/mobileres/123872--____08_04_2020__2331c8e4-a240-4957-a2c9-42f255e46557.mp4,,Asher,Weiss
124497,Agudah Yarchei Kallah: הקדמה למצות תקיעת שופר,2020-09-06,3197,English,Holidays,Rosh Hashanah,https://ta-lectures.s3.us-east-005.backblazeb2.com/thumbnails/124497/124497.jpg,https://dl.torahanytime.com/mp3/124497--____08_03_2020__1126fae3-9b8e-47ab-8065-0603974b22ff.mp4.mp3,https://ta-lectures.s3.us-east-005.backblazeb2.com/mobileres/124497--____08_03_2020__1126fae3-9b8e-47ab-8065-0603974b22ff.mp4,,Asher,Weiss
123160,Blowing Shofar in the COVID-19 Era,2020-09-03,2437,English,Holidays,Rosh Hashanah,https://ta-lectures.s3.us-east-005.backblazeb2.com/thumbnails/123160/123160.jpg,https://dl.torahanytime.com/mp3/123160--____08_04_2020__d61f329e-7758-4e5e-bd63-a39aec539895.mp4.mp3,https://ta-lectures.s3.us-east-005.backblazeb2.com/mobileres/123160--____08_04_2020__d61f329e-7758-4e5e-bd63-a39aec539895.mp4,,Asher,Weiss
123375,Agudah Yerach Ha’eyosnim Series: פתיחה למצות סוכה,2020-08-30,1928,English,Holidays,Sukkot,https://ta-lectures.s3.us-east-005.backblazeb2.com/thumbnails/123375/123375.jpg,https://dl.torahanytime.com/mp3/123375--____08_00_2020__0ee05669-2afd-4988-adda-bae8c957041c.mp4.mp3,https://ta-lectures.s3.us-east-005.backblazeb2.com/mobileres/123375--____08_00_2020__0ee05669-2afd-4988-adda-bae8c957041c.mp4,,Asher,Weiss
122491,Parashat Ki Tetzei: The First Year of Marriage,2020-08-25,3196,English,Parasha/Torah Portion,Ki Tetzei,https://ta-lectures.s3.us-east-005.backblazeb2.com/thumbnails/122491/122491.jpg,https://dl.torahanytime.com/mp3/122491--____07_04_2020__9e52ad76-a1ca-4e1a-b4c2-086a1ea5f157.mp4.mp3,https://ta-lectures.s3.us-east-005.backblazeb2.com/mobileres/122491--____07_04_2020__9e52ad76-a1ca-4e1a-b4c2-086a1ea5f157.mp4,,Asher,Weiss
123364,Agudah Yerach Ha’eyosnim Series: פתיחה להלכות ד’ מינים הדור מצוה,2020-08-23,2471,English,Halacha/Jewish Law,,https://ta-lectures.s3.us-east-005.backblazeb2.com/thumbnails/123364/123364.jpg,https://dl.torahanytime.com/mp3/123364--____08_00_2020__fee518f4-2f9f-437c-9e7b-fb8f8ebc1d79.mp4.mp3,https://ta-lectures.s3.us-east-005.backblazeb2.com/mobileres/123364--____08_00_2020__fee518f4-2f9f-437c-9e7b-fb8f8ebc1d79.mp4,,Asher,Weiss
122125,Parashat Shoftim: Baat Tashchit,2020-08-19,3065,English,Parasha/Torah Portion,Shoftim,https://ta-lectures.s3.us-east-005.backblazeb2.com/thumbnails/122125/122125.jpg,https://dl.torahanytime.com/mp3/122125--____07_00_2020__77224b06-9e46-4de8-a271-3f6fce094c59.mp4.mp3,https://ta-lectures.s3.us-east-005.backblazeb2.com/mobileres/122125--____07_00_2020__77224b06-9e46-4de8-a271-3f6fce094c59.mp4,,Asher,Weiss
121622,The Prohibition To Consume Insects,2020-08-13,2567,English,Jewish Understanding,,https://ta-lectures.s3.us-east-005.backblazeb2.com/thumbnails/121622/121622.jpg,https://dl.torahanytime.com/mp3/121622--____07_01_2020__4daa4942-216b-48cc-ab09-e095e998e5ff.mp4.mp3,https://ta-lectures.s3.us-east-005.backblazeb2.com/mobileres/121622--____07_01_2020__4daa4942-216b-48cc-ab09-e095e998e5ff.mp4,,Asher,Weiss
120798,Preventing Sakanah,2020-08-03,2853,English,Jewish Understanding,,https://ta-lectures.s3.us-east-005.backblazeb2.com/thumbnails/120798/120798.jpg,https://dl.torahanytime.com/mp3/120798--____07_04_2020__f25aaa23-1032-45ee-8452-8ebd1f98dc5c.mp4.mp3,https://ta-lectures.s3.us-east-005.backblazeb2.com/mobileres/120798--____07_04_2020__f25aaa23-1032-45ee-8452-8ebd1f98dc5c.mp4,,Asher,Weiss
119619,The Galut & the Geula,2020-07-28,1095,English,Holidays,Tisha B'Av,https://ta-lectures.s3.us-east-005.backblazeb2.com/thumbnails/119619/119619.jpg,https://dl.torahanytime.com/mp3/119619--____06_02_2020__282dadf4-f404-4b9d-a361-16865ef4ad65.mp4.mp3,https://ta-lectures.s3.us-east-005.backblazeb2.com/mobileres/119619--____06_02_2020__282dadf4-f404-4b9d-a361-16865ef4ad65.mp4,,Asher,Weiss
119549,Tishah B'av During COVID-19 Epidemic,2020-07-27,2392,English,Holidays,Tisha B'Av,https://ta-lectures.s3.us-east-005.backblazeb2.com/thumbnails/119549/119549.jpg,https://dl.torahanytime.com/mp3/119549--____06_02_2020__39c610af-d9a0-4c80-9343-19f1feffe1a6.mp4.mp3,https://ta-lectures.s3.us-east-005.backblazeb2.com/mobileres/119549--____06_02_2020__39c610af-d9a0-4c80-9343-19f1feffe1a6.mp4,,Asher,Weiss
119560,Agudah Yarchei Kallah: Cholim on Tisha B'Av,2020-07-26,2621,English,Holidays,Tisha B'Av,https://ta-lectures.s3.us-east-005.backblazeb2.com/thumbnails/119560/119560.jpg,https://dl.torahanytime.com/mp3/119560--____06_02_2020__eb099da6-cb32-48f3-951a-8dc101c77311.mp4.mp3,https://ta-lectures.s3.us-east-005.backblazeb2.com/mobileres/119560--____06_02_2020__eb099da6-cb32-48f3-951a-8dc101c77311.mp4,,Asher,Weiss
118955,החשיבות לשמור על הכללים,2020-07-22,659,Hebrew,Corona Chizuk,,https://ta-lectures.s3.us-east-005.backblazeb2.com/thumbnails/118955/118955.jpg,https://dl.torahanytime.com/mp3/118955--____06_03_2020__4f93f714-e6c2-4286-bdc1-89a7ff2b7fc7.mp4.mp3,https://ta-lectures.s3.us-east-005.backblazeb2.com/mobileres/118955--____06_03_2020__4f93f714-e6c2-4286-bdc1-89a7ff2b7fc7.mp4,,Asher,Weiss
119041,Agudah Yarchei Kallah: ביסוד כלאחר יד,2020-07-19,2660,English,Halacha/Jewish Law,Shabbat,https://ta-lectures.s3.us-east-005.backblazeb2.com/thumbnails/119041/119041.jpg,https://dl.torahanytime.com/mp3/119041--____06_04_2020__430bda7d-71c8-44ef-95c3-f7689566a57f.mp4.mp3,https://ta-lectures.s3.us-east-005.backblazeb2.com/mobileres/119041--____06_04_2020__430bda7d-71c8-44ef-95c3-f7689566a57f.mp4,,Asher,Weiss
118350,Conditions and Assumptions in Halacha,2020-07-16,3327,English,Jewish Understanding,,https://ta-lectures.s3.us-east-005.backblazeb2.com/thumbnails/118350/118350.jpg,https://dl.torahanytime.com/mp3/118350--____06_04_2020__25356920-29e6-4b50-9858-ef7c890d9a3f.mp4.mp3,https://ta-lectures.s3.us-east-005.backblazeb2.com/mobileres/118350--____06_04_2020__25356920-29e6-4b50-9858-ef7c890d9a3f.mp4,,Asher,Weiss
118221,Agudah Yarchei Kallah: טכנלגי’ בשבת ברפואה,2020-07-12,2836,English,Halacha/Jewish Law,Shabbat,https://ta-lectures.s3.us-east-005.backblazeb2.com/thumbnails/118221/118221.jpg,https://dl.torahanytime.com/mp3/118221--____06_03_2020__4e1c962a-46f7-4dc3-86b6-bd26915a92b7.mp4.mp3,https://ta-lectures.s3.us-east-005.backblazeb2.com/mobileres/118221--____06_03_2020__4e1c962a-46f7-4dc3-86b6-bd26915a92b7.mp4,,Asher,Weiss
117699,Do We Fast During Covid-19?,2020-07-07,3525,English,Holidays,Fast of the 17th of Tammuz,https://ta-lectures.s3.us-east-005.backblazeb2.com/thumbnails/117699/117699.jpg,https://dl.torahanytime.com/mp3/117699--____06_04_2020__2c967db1-6038-4cd2-a71d-6baebe4055f9.mp4.mp3,https://ta-lectures.s3.us-east-005.backblazeb2.com/mobileres/117699--____06_04_2020__2c967db1-6038-4cd2-a71d-6baebe4055f9.mp4,,Asher,Weiss
117747,Agudah Yarchei Kallah: הקדמה לפסיק רישא,2020-07-05,3947,English,Halacha/Jewish Law,Shabbat,https://ta-lectures.s3.us-east-005.backblazeb2.com/thumbnails/117747/117747.jpg,https://dl.torahanytime.com/mp3/117747--____06_05_2020__659dfbd6-a0c4-4a5c-a7cd-c3f3265d07ab.mp4.mp3,https://ta-lectures.s3.us-east-005.backblazeb2.com/mobileres/117747--____06_05_2020__659dfbd6-a0c4-4a5c-a7cd-c3f3265d07ab.mp4,,Asher,Weiss
117209,Tzar Balei Chayim,2020-07-01,3180,English,Jewish Understanding,,https://ta-lectures.s3.us-east-005.backblazeb2.com/thumbnails/117209/117209.jpg,https://dl.torahanytime.com/mp3/117209--____06_00_2020__40133293-b8c1-4af1-b01e-d67429b87907.mp4.mp3,https://ta-lectures.s3.us-east-005.backblazeb2.com/mobileres/117209--____06_00_2020__40133293-b8c1-4af1-b01e-d67429b87907.mp4,,Asher,Weiss
116543,Halachot of When Can We Just Assume Something Is Kosher,2020-06-28,3054,English,Halacha/Jewish Law,Kosher,https://ta-lectures.s3.us-east-005.backblazeb2.com/thumbnails/116543/116543.jpg,https://dl.torahanytime.com/mp3/116543--____05_00_2020__d6629f31-ecfc-459b-afb8-41bba81b2c8d.mp4.mp3,https://ta-lectures.s3.us-east-005.backblazeb2.com/mobileres/116543--____05_00_2020__d6629f31-ecfc-459b-afb8-41bba81b2c8d.mp4,,Asher,Weiss
116851,Agudah Yarchei Kallah: הקדמה למלאכת מחשבת בשבת,2020-06-28,2873,English,Halacha/Jewish Law,Shabbat,https://ta-lectures.s3.us-east-005.backblazeb2.com/thumbnails/116851/116851.jpg,https://dl.torahanytime.com/mp3/116851--____06_03_2020__665bb5c6-0b64-4d35-a0cd-5f2694c1a03a.mp4.mp3,https://ta-lectures.s3.us-east-005.backblazeb2.com/mobileres/116851--____06_03_2020__665bb5c6-0b64-4d35-a0cd-5f2694c1a03a.mp4,,Asher,Weiss
116547,Virtual Yarchei Kallah: יסוד דין אמירה לעכו״ם,2020-06-21,3154,English,Halacha/Jewish Law,Shabbat,https://ta-lectures.s3.us-east-005.backblazeb2.com/thumbnails/116547/116547.jpg,https://dl.torahanytime.com/mp3/116547--____05_00_2020__0d38bc92-9e9c-4ef7-8fa7-901a9f6d9c3f.mp4.mp3,https://ta-lectures.s3.us-east-005.backblazeb2.com/mobileres/116547--____05_00_2020__0d38bc92-9e9c-4ef7-8fa7-901a9f6d9c3f.mp4,,Asher,Weiss
115283,Agudah Yarchei Kallah: בדין אמן על הברכות,2020-06-14,2771,English,Halacha/Jewish Law,Blessings,https://ta-lectures.s3.us-east-005.backblazeb2.com/thumbnails/115283/115283.jpg,https://dl.torahanytime.com/mp3/115283--____05_03_2020__0d023cc5-8911-4118-afef-272f81489c24.mp4.mp3,https://ta-lectures.s3.us-east-005.backblazeb2.com/mobileres/115283--____05_03_2020__0d023cc5-8911-4118-afef-272f81489c24.mp4,,Asher,Weiss
114884,Parashat Shelach: Checking Your Tzttzit Every Morning,2020-06-11,2604,English,Parasha/Torah Portion,Shelach,https://ta-lectures.s3.us-east-005.backblazeb2.com/thumbnails/114884/114884.jpg,https://dl.torahanytime.com/mp3/114884--____05_05_2020__b878162e-e960-4ebc-bb44-7533039e7296.mp4.mp3,https://ta-lectures.s3.us-east-005.backblazeb2.com/mobileres/114884--____05_05_2020__b878162e-e960-4ebc-bb44-7533039e7296.mp4,,Asher,Weiss
114201,The Proper Kavana in Kadish,2020-06-07,3994,English,Halacha/Jewish Law,Prayer,https://ta-lectures.s3.us-east-005.backblazeb2.com/thumbnails/114201/114201.jpg,https://dl.torahanytime.com/mp3/114201--____05_00_2020__62247de6-cf1f-4070-b91b-a031b6457510.mp4.mp3,https://ta-lectures.s3.us-east-005.backblazeb2.com/mobileres/114201--____05_00_2020__62247de6-cf1f-4070-b91b-a031b6457510.mp4,,Asher,Weiss
114518,Agudah Yarchei Kallah: יסוד בברכת המצות,2020-06-07,2779,English,Jewish Understanding,,https://ta-lectures.s3.us-east-005.backblazeb2.com/thumbnails/114518/114518.jpg,https://dl.torahanytime.com/mp3/114518--____05_03_2020__6fedecd8-365a-477f-bf75-6e4ac42f0bdd.mp4.mp3,https://ta-lectures.s3.us-east-005.backblazeb2.com/mobileres/114518--____05_03_2020__6fedecd8-365a-477f-bf75-6e4ac42f0bdd.mp4,,Asher,Weiss
113681,Eruv Tavshilin during the Coronavirus,2020-06-02,2384,English,Halacha/Jewish Law,,https://ta-lectures.s3.us-east-005.backblazeb2.com/thumbnails/113681/113681.jpg,https://dl.torahanytime.com/mp3/113681--____05_02_2020__494c7703-74bd-49d8-8181-10cf5ccb6256.mp4.mp3,https://ta-lectures.s3.us-east-005.backblazeb2.com/mobileres/113681--____05_02_2020__494c7703-74bd-49d8-8181-10cf5ccb6256.mp4,,Asher,Weiss
114499,Agudah Yarchei Kallah: ברכת המזון,2020-05-31,2935,English,Halacha/Jewish Law,Blessings,https://ta-lectures.s3.us-east-005.backblazeb2.com/thumbnails/114499/114499.jpg,https://dl.torahanytime.com/mp3/114499--____05_03_2020__642af545-4c49-47c4-bf32-c88f0a2decff.mp4.mp3,https://ta-lectures.s3.us-east-005.backblazeb2.com/mobileres/114499--____05_03_2020__642af545-4c49-47c4-bf32-c88f0a2decff.mp4,,Asher,Weiss
113444,The Weather at Matan Torah,2020-05-27,259,English,Holidays,Shavuot,https://ta-lectures.s3.us-east-005.backblazeb2.com/thumbnails/113444/113444.jpg,https://dl.torahanytime.com/mp3/113444--Osher__Weiss__04_00_2020__12f2e415-56d7-4897-8175-ca25c395c12f.mp4.mp3,https://ta-lectures.s3.us-east-005.backblazeb2.com/mobileres/113444--Osher__Weiss__04_00_2020__12f2e415-56d7-4897-8175-ca25c395c12f.mp4,,Asher,Weiss
113239,Agudah Yarchei Kallah: ברכת התורה,2020-05-24,2853,English,Halacha/Jewish Law,Blessings,https://ta-lectures.s3.us-east-005.backblazeb2.com/thumbnails/113239/113239.jpg,https://dl.torahanytime.com/mp3/113239--Osher__Weiss__04_04_2020__ec4a8cde-ace3-4861-a073-a5ad9d727b5d.mp4.mp3,https://ta-lectures.s3.us-east-005.backblazeb2.com/mobileres/113239--Osher__Weiss__04_04_2020__ec4a8cde-ace3-4861-a073-a5ad9d727b5d.mp4,,Asher,Weiss
113675,The Atonement of One That Indirectly Caused the Demise of Another,2020-05-18,2745,English,Corona Chizuk,,https://ta-lectures.s3.us-east-005.backblazeb2.com/thumbnails/113675/113675.jpg,https://dl.torahanytime.com/mp3/113675--____05_02_2020__f892a9ba-8010-4d69-9e43-00e161ab969e.mp4.mp3,https://ta-lectures.s3.us-east-005.backblazeb2.com/mobileres/113675--____05_02_2020__f892a9ba-8010-4d69-9e43-00e161ab969e.mp4,,Asher,Weiss
112246,Agudah Yarchei Kallah: ברכת המזון כדי שביעה,2020-05-17,2462,English,Halacha/Jewish Law,Blessings,https://ta-lectures.s3.us-east-005.backblazeb2.com/thumbnails/112246/112246.jpg,https://dl.torahanytime.com/mp3/112246--Osher__Weiss__04_04_2020__e6be981c-ced9-41a4-a098-8ebb013134cc.mp4.mp3,https://ta-lectures.s3.us-east-005.backblazeb2.com/mobileres/112246--Osher__Weiss__04_04_2020__e6be981c-ced9-41a4-a098-8ebb013134cc.mp4,,Asher,Weiss
111332,Divrei Chizuk and Halacha for the Entire Community,2020-05-11,3469,English,Corona Chizuk,,https://ta-lectures.s3.us-east-005.backblazeb2.com/thumbnails/111332/111332.jpg,https://dl.torahanytime.com/mp3/111332--Osher__Weiss__04_03_2020__1d84f926-7d99-428c-aa3c-1fd96f921451.mp4.mp3,https://ta-lectures.s3.us-east-005.backblazeb2.com/mobileres/111332--Osher__Weiss__04_03_2020__1d84f926-7d99-428c-aa3c-1fd96f921451.mp4,,Asher,Weiss
112313,Agudah Yarchei Kallah: יםוד ברכת המזון,2020-05-10,2881,English,Halacha/Jewish Law,Blessings,https://ta-lectures.s3.us-east-005.backblazeb2.com/thumbnails/112313/112313.jpg,https://dl.torahanytime.com/mp3/112313--Osher__Weiss__04_04_2020__c415dc99-0618-4b14-9cbf-fdbd39fe2222.mp4.mp3,https://ta-lectures.s3.us-east-005.backblazeb2.com/mobileres/112313--Osher__Weiss__04_04_2020__c415dc99-0618-4b14-9cbf-fdbd39fe2222.mp4,,Asher,Weiss
110671,Agudah Yarchei Kallah: Yesod Din Keriat Shema,2020-05-03,3215,English,Tefillah/Prayer,,https://ta-lectures.s3.us-east-005.backblazeb2.com/thumbnails/110671/110671.jpg,https://dl.torahanytime.com/mp3/110671--Osher__Weiss__04_05_2020__b58543cc-4b64-41a1-a896-57e32c47c844.mp4.mp3,https://ta-lectures.s3.us-east-005.backblazeb2.com/mobileres/110671--Osher__Weiss__04_05_2020__b58543cc-4b64-41a1-a896-57e32c47c844.mp4,,Asher,Weiss
109696,Agudah Yarchai Kallah: Yesod Din Kriat Shema,2020-04-26,3191,English,Tefillah/Prayer,,https://ta-lectures.s3.us-east-005.backblazeb2.com/thumbnails/109696/109696.jpg,https://dl.torahanytime.com/mp3/109696--Osher__Weiss__03_04_2020__a5439f42-e6fa-459b-a29c-bf0e5b9803ac.mp4.mp3,https://ta-lectures.s3.us-east-005.backblazeb2.com/mobileres/109696--Osher__Weiss__03_04_2020__a5439f42-e6fa-459b-a29c-bf0e5b9803ac.mp4,,Asher,Weiss
108843,Birkat Hagomel,2020-04-21,3132,English,Corona Chizuk,,https://ta-lectures.s3.us-east-005.backblazeb2.com/thumbnails/108843/108843.jpg,https://dl.torahanytime.com/mp3/108843--Osher__Weiss__03_04_2020__b36a128e-edf2-4a7c-b74d-d894a04b7e98.mp4.mp3,https://ta-lectures.s3.us-east-005.backblazeb2.com/mobileres/108843--Osher__Weiss__03_04_2020__b36a128e-edf2-4a7c-b74d-d894a04b7e98.mp4,,Asher,Weiss
108668,Agudah Yarchai Kallah: B'inyan Tefillat Arvit,2020-04-19,3194,English,Halacha/Jewish Law,Prayer,https://ta-lectures.s3.us-east-005.backblazeb2.com/thumbnails/108668/108668.jpg,https://dl.torahanytime.com/mp3/108668--Osher__Weiss__03_02_2020__c5ec2e8c-9bff-4a32-8fe8-3eb8fa35ed26.mp4.mp3,https://ta-lectures.s3.us-east-005.backblazeb2.com/mobileres/108668--Osher__Weiss__03_02_2020__c5ec2e8c-9bff-4a32-8fe8-3eb8fa35ed26.mp4,,Asher,Weiss
108658,Agudah Yarchai Kallah: Sefirat Haomer,2020-04-12,2936,English,Halacha/Jewish Law,Hilchot Sefirat Omer,https://ta-lectures.s3.us-east-005.backblazeb2.com/thumbnails/108658/108658.jpg,https://dl.torahanytime.com/mp3/108658--Osher__Weiss__03_02_2020__9f890fcd-c743-42fa-a9fe-4500a7c61be5.mp4.mp3,https://ta-lectures.s3.us-east-005.backblazeb2.com/mobileres/108658--Osher__Weiss__03_02_2020__9f890fcd-c743-42fa-a9fe-4500a7c61be5.mp4,,Asher,Weiss
107951,Q&A on Tefillah as the Plague Spread,2020-04-05,3098,English,Corona Chizuk,,https://ta-lectures.s3.us-east-005.backblazeb2.com/thumbnails/107951/107951.jpg,https://dl.torahanytime.com/mp3/107951--Osher__Weiss__03_00_2020__22bdf642-0573-4296-a2ba-585c67a29a85.mp4.mp3,https://ta-lectures.s3.us-east-005.backblazeb2.com/mobileres/107951--Osher__Weiss__03_00_2020__22bdf642-0573-4296-a2ba-585c67a29a85.mp4,,Asher,Weiss
106872,Agudah Pesach Yarchei Kallah: Intro to Seder Night - Yetziat Mitzrayim and The Mitzvot of The Night,2020-03-31,2985,English,Holidays,Pesach/Passover,https://ta-lectures.s3.us-east-005.backblazeb2.com/thumbnails/106872/106872.jpg,https://dl.torahanytime.com/mp3/106872--Osher__Weiss__03_03_2020__045998b3-abc5-46fb-bc9b-502ccc792c42.mp4.mp3,https://ta-lectures.s3.us-east-005.backblazeb2.com/mobileres/106872--Osher__Weiss__03_03_2020__045998b3-abc5-46fb-bc9b-502ccc792c42.mp4,,Asher,Weiss
105535,Chizuk for Turbulent Times,2020-03-19,767,English,Corona Chizuk,,https://ta-lectures.s3.us-east-005.backblazeb2.com/thumbnails/105535/105535.jpg,https://dl.torahanytime.com/mp3/105535--Hakhel__Events__02_04_2020__5af2231d-9bb9-4834-94c3-88fd4d64eb1b.mp4.mp3,https://ta-lectures.s3.us-east-005.backblazeb2.com/mobileres/105535--Hakhel__Events__02_04_2020__5af2231d-9bb9-4834-94c3-88fd4d64eb1b.mp4,,Asher,Weiss
103720,Parashat Terumah: Building a Beit Hamikdash snd a Beir Hakinesset,2020-02-25,3357,English,Parasha/Torah Portion,Terumah,https://ta-lectures.s3.us-east-005.backblazeb2.com/thumbnails/103720/103720.jpg,https://dl.torahanytime.com/mp3/103720--Osher__Weiss__01_05_2020__dc40e393-0e84-479c-a22f-1641caf554f7.mp4.mp3,https://ta-lectures.s3.us-east-005.backblazeb2.com/mobileres/103720--Osher__Weiss__01_05_2020__dc40e393-0e84-479c-a22f-1641caf554f7.mp4,,Asher,Weiss
102931,Agudah Yarchai Kallah 2020: Shiur Hakdama,2020-02-18,5959,English,Tefillah/Prayer,,https://ta-lectures.s3.us-east-005.backblazeb2.com/thumbnails/102931/102931.jpg,https://dl.torahanytime.com/mp3/102931--Osher__Weiss__01_04_2020__32833a5d-7878-465a-9a8e-104a8e9fdea0.mp4.mp3,https://ta-lectures.s3.us-east-005.backblazeb2.com/mobileres/102931--Osher__Weiss__01_04_2020__32833a5d-7878-465a-9a8e-104a8e9fdea0.mp4,,Asher,Weiss
102922,"Agudah Yarchai Kallah 2020: Mitzva of Tefila, The 3 Tefillos and Zmanim",2020-02-17,3536,English,Tefillah/Prayer,,https://ta-lectures.s3.us-east-005.backblazeb2.com/thumbnails/102922/102922.jpg,https://dl.torahanytime.com/mp3/102922--Osher__Weiss__01_04_2020__14d73bd3-7877-4973-b8be-b3e8480d8ef5.mp4.mp3,https://ta-lectures.s3.us-east-005.backblazeb2.com/mobileres/102922--Osher__Weiss__01_04_2020__14d73bd3-7877-4973-b8be-b3e8480d8ef5.mp4,,Asher,Weiss
102433,Determining Maternity & Paternity,2020-02-09,2652,English,Halacha/Jewish Law,,https://ta-lectures.s3.us-east-005.backblazeb2.com/thumbnails/102433/102433.jpg,https://dl.torahanytime.com/mp3/102433--Osher__Weiss__01_00_2020__bdcb075f-846d-4f4d-b3c3-e21ef1c67704.mp4.mp3,https://ta-lectures.s3.us-east-005.backblazeb2.com/mobileres/102433--Osher__Weiss__01_00_2020__bdcb075f-846d-4f4d-b3c3-e21ef1c67704.mp4,,Asher,Weiss
102435,End Of Life Dilemmas,2020-02-09,1832,English,Halacha/Jewish Law,,https://ta-lectures.s3.us-east-005.backblazeb2.com/thumbnails/102435/102435.jpg,https://dl.torahanytime.com/mp3/102435--Osher__Weiss__01_00_2020__4db8825f-529d-4242-9d9e-db78ebe23e19.mp4.mp3,https://ta-lectures.s3.us-east-005.backblazeb2.com/mobileres/102435--Osher__Weiss__01_00_2020__4db8825f-529d-4242-9d9e-db78ebe23e19.mp4,,Asher,Weiss
102438,Shabbos In A Technological Age,2020-02-09,1725,English,Halacha/Jewish Law,,https://ta-lectures.s3.us-east-005.backblazeb2.com/thumbnails/102438/102438.jpg,https://dl.torahanytime.com/mp3/102438--Osher__Weiss__01_00_2020__5a6a7f65-0db1-42e4-85d4-d6e8ecce54bd.mp4.mp3,https://ta-lectures.s3.us-east-005.backblazeb2.com/mobileres/102438--Osher__Weiss__01_00_2020__5a6a7f65-0db1-42e4-85d4-d6e8ecce54bd.mp4,,Asher,Weiss
101451,Parashat Bo,2020-01-30,2944,English,Parasha/Torah Portion,Bo,https://ta-lectures.s3.us-east-005.backblazeb2.com/thumbnails/101451/101451.jpg,https://dl.torahanytime.com/mp3/101451--Osher__Weiss__01_02_2020__a46aab2b-f24a-44d5-9058-a8b2d0780eab.mp4.mp3,https://ta-lectures.s3.us-east-005.backblazeb2.com/mobileres/101451--Osher__Weiss__01_02_2020__a46aab2b-f24a-44d5-9058-a8b2d0780eab.mp4,,Asher,Weiss
100841,Parashat Va'eira: 4 Kosot and Din Cheirut,2020-01-23,3157,English,Parasha/Torah Portion,Va'eira,https://ta-lectures.s3.us-east-005.backblazeb2.com/thumbnails/100841/100841.jpg,https://dl.torahanytime.com/mp3/100841--Osher__Weiss__00_02_2020__bd2dbf77-3f09-4de4-bccc-60cff704258f.mp4.mp3,https://ta-lectures.s3.us-east-005.backblazeb2.com/mobileres/100841--Osher__Weiss__00_02_2020__bd2dbf77-3f09-4de4-bccc-60cff704258f.mp4,,Asher,Weiss
100868,An Introduction to Shas,2020-01-16,3266,English,Jewish Understanding,,https://ta-lectures.s3.us-east-005.backblazeb2.com/thumbnails/100868/100868.jpg,https://dl.torahanytime.com/mp3/100868--Osher__Weiss__00_03_2020__ab8efb2f-e291-40c9-aca3-b8666fc81f13.mp4.mp3,https://ta-lectures.s3.us-east-005.backblazeb2.com/mobileres/100868--Osher__Weiss__00_03_2020__ab8efb2f-e291-40c9-aca3-b8666fc81f13.mp4,,Asher,Weiss
98904,Agudah Chicago Siyum Hashas,2020-01-05,1960,English,Jewish Understanding,,https://ta-lectures.s3.us-east-005.backblazeb2.com/thumbnails/98904/98904.jpg,https://dl.torahanytime.com/mp3/98904--Osher__Weiss__00_02_2020__d9085f26-4340-4299-be86-67d872421f2f.mp4.mp3,https://ta-lectures.s3.us-east-005.backblazeb2.com/mobileres/98904--Osher__Weiss__00_02_2020__d9085f26-4340-4299-be86-67d872421f2f.mp4,,Asher,Weiss
97695,Chanukah Candles and Neirot Shabbat,2019-12-18,3079,English,Holidays,Chanukah,https://ta-lectures.s3.us-east-005.backblazeb2.com/thumbnails/97695/97695.jpg,https://dl.torahanytime.com/mp3/97695--Osher__Weiss__11_04_2019__751d1aff-19ee-4bfe-b57f-cc6a64a036ec.mp4.mp3,https://ta-lectures.s3.us-east-005.backblazeb2.com/mobileres/97695--Osher__Weiss__11_04_2019__751d1aff-19ee-4bfe-b57f-cc6a64a036ec.mp4,,Asher,Weiss
96839,Mitzvah of Tefillah,2019-12-10,3045,English,Jewish Understanding,,https://ta-lectures.s3.us-east-005.backblazeb2.com/thumbnails/96839/96839.jpg,https://dl.torahanytime.com/mp3/96839--Osher__Weiss__11_02_2019__7e9d2b86-03a3-4d99-8b73-d15395e8b057.mp4.mp3,https://ta-lectures.s3.us-east-005.backblazeb2.com/mobileres/96839--Osher__Weiss__11_02_2019__7e9d2b86-03a3-4d99-8b73-d15395e8b057.mp4,,Asher,Weiss
96828,Utilizing a Person's Distress,2019-11-28,4047,English,Jewish Understanding,,https://ta-lectures.s3.us-east-005.backblazeb2.com/thumbnails/96828/96828.jpg,https://dl.torahanytime.com/mp3/96828--Osher__Weiss__11_02_2019__cb381855-70f8-46a2-b947-22098d9f7432.mp4.mp3,https://ta-lectures.s3.us-east-005.backblazeb2.com/mobileres/96828--Osher__Weiss__11_02_2019__cb381855-70f8-46a2-b947-22098d9f7432.mp4,,Asher,Weiss
95649,Halachot of Onen,2019-11-21,3388,English,Halacha/Jewish Law,,https://ta-lectures.s3.us-east-005.backblazeb2.com/thumbnails/95649/95649.jpg,https://dl.torahanytime.com/mp3/95649--Osher__Weiss__10_01_2019__99b09812-e034-4221-a426-72d6e1b9edeb.mp4.mp3,https://ta-lectures.s3.us-east-005.backblazeb2.com/mobileres/95649--Osher__Weiss__10_01_2019__99b09812-e034-4221-a426-72d6e1b9edeb.mp4,,Asher,Weiss
94673,Parashat Vayeira: The Story of Sodom,2019-11-11,3191,English,Parasha/Torah Portion,Vayeira,https://ta-lectures.s3.us-east-005.backblazeb2.com/thumbnails/94673/94673.jpg,https://dl.torahanytime.com/mp3/94673--Osher__Weiss__10_03_2019__f32c316d-c2c1-461d-a84c-b093b5c324cf.mp4.mp3,https://ta-lectures.s3.us-east-005.backblazeb2.com/mobileres/94673--Osher__Weiss__10_03_2019__f32c316d-c2c1-461d-a84c-b093b5c324cf.mp4,,Asher,Weiss
94658,Parashat Lech Lecha: Kibbud Av Va’em & Yishuv Eretz Yisrael,2019-11-04,3746,English,Parasha/Torah Portion,Lech Lecha,https://ta-lectures.s3.us-east-005.backblazeb2.com/thumbnails/94658/94658.jpg,https://dl.torahanytime.com/mp3/94658--Osher__Weiss__10_03_2019__233b48a8-aa05-4c3c-a1d5-3892a4ae5536.mp4.mp3,https://ta-lectures.s3.us-east-005.backblazeb2.com/mobileres/94658--Osher__Weiss__10_03_2019__233b48a8-aa05-4c3c-a1d5-3892a4ae5536.mp4,,Asher,Weiss
93895,Parashat Noach: From What Age Is a Man Obligated in the Mitzvah of Pirya Virivya,2019-10-28,4589,English,Parasha/Torah Portion,Noach,https://ta-lectures.s3.us-east-005.backblazeb2.com/thumbnails/93895/93895.jpg,https://dl.torahanytime.com/mp3/93895--Osher__Weiss__10_00_2019__1b38882a-e829-4673-98ae-bb6209d89fdc.mp4.mp3,https://ta-lectures.s3.us-east-005.backblazeb2.com/mobileres/93895--Osher__Weiss__10_00_2019__1b38882a-e829-4673-98ae-bb6209d89fdc.mp4,,Asher,Weiss
92774,מוצאי יום הכיפורים: עבירות שבין אדם לחבירו,2019-10-10,3894,Hebrew,Holidays,Yom Kippur,https://ta-lectures.s3.us-east-005.backblazeb2.com/thumbnails/92774/92774.jpg,https://dl.torahanytime.com/mp3/92774--Osher__Weiss__09_05_2019__ca1621cd-043d-4f75-aa14-3cfad3a69ae6.mp4.mp3,https://ta-lectures.s3.us-east-005.backblazeb2.com/mobileres/92774--Osher__Weiss__09_05_2019__ca1621cd-043d-4f75-aa14-3cfad3a69ae6.mp4,,Asher,Weiss
91937,Rosh Hashanah: What is a Kosher Shofar?,2019-09-25,3328,English,Holidays,Rosh Hashanah,https://ta-lectures.s3.us-east-005.backblazeb2.com/thumbnails/91937/91937.jpg,https://dl.torahanytime.com/mp3/91937--Osher__Weiss__08_04_2019__d08bf7af-b9f9-4d5d-aba0-179abfc870c2.mp4.mp3,https://ta-lectures.s3.us-east-005.backblazeb2.com/mobileres/91937--Osher__Weiss__08_04_2019__d08bf7af-b9f9-4d5d-aba0-179abfc870c2.mp4,,Asher,Weiss
91343,"Parashat Ki Tavo: ""Mechikat Hashem""",2019-09-19,3297,English,Parasha/Torah Portion,Ki Tavo,https://ta-lectures.s3.us-east-005.backblazeb2.com/thumbnails/91343/91343.jpg,https://dl.torahanytime.com/mp3/91343--Osher__Weiss__08_04_2019__00b37cbd-4720-4e4f-a954-0ab31d00ef8c.mp4.mp3,https://ta-lectures.s3.us-east-005.backblazeb2.com/mobileres/91343--Osher__Weiss__08_04_2019__00b37cbd-4720-4e4f-a954-0ab31d00ef8c.mp4,,Asher,Weiss
90952,"Parashat Ki Tetzei: ""Ribbit Devarim""",2019-09-11,3755,English,Parasha/Torah Portion,Ki Tetzei,https://ta-lectures.s3.us-east-005.backblazeb2.com/thumbnails/90952/90952.jpg,https://dl.torahanytime.com/mp3/90952--Osher__Weiss__08_00_2019__75f6931d-cb07-4671-8561-9518a4242f99.mp4.mp3,https://ta-lectures.s3.us-east-005.backblazeb2.com/mobileres/90952--Osher__Weiss__08_00_2019__75f6931d-cb07-4671-8561-9518a4242f99.mp4,,Asher,Weiss
90266,"Parashat Shoftim: "" Asmachta beAlma""",2019-09-05,3788,English,Parasha/Torah Portion,Shoftim,https://ta-lectures.s3.us-east-005.backblazeb2.com/thumbnails/90266/90266.jpg,https://dl.torahanytime.com/mp3/90266--Osher__Weiss__08_02_2019__69d7f1dd-5b84-4dcf-b52d-20a999d43ae1.mp4.mp3,https://ta-lectures.s3.us-east-005.backblazeb2.com/mobileres/90266--Osher__Weiss__08_02_2019__69d7f1dd-5b84-4dcf-b52d-20a999d43ae1.mp4,,Asher,Weiss
89163,Tisha B'Av 5779,2019-08-08,3439,English,Holidays,Tisha B'Av,https://ta-lectures.s3.us-east-005.backblazeb2.com/thumbnails/89163/89163.jpg,https://dl.torahanytime.com/mp3/89163--Osher__Weiss__07_05_2019__218c0d4f-bfd8-4b66-8df7-b9b20a7b2145.mp4.mp3,https://ta-lectures.s3.us-east-005.backblazeb2.com/mobileres/89163--Osher__Weiss__07_05_2019__218c0d4f-bfd8-4b66-8df7-b9b20a7b2145.mp4,,Asher,Weiss
87614,Parashat Pinchas: Korbanot Tzibbur,2019-07-25,3952,English,Parasha/Torah Portion,Pinchas,https://ta-lectures.s3.us-east-005.backblazeb2.com/thumbnails/87614/87614.jpg,https://dl.torahanytime.com/mp3/87614--Osher__Weiss__06_04_2019__4b6d3762-5fd8-4eb0-9067-d610563b6354.mp4.mp3,https://ta-lectures.s3.us-east-005.backblazeb2.com/mobileres/87614--Osher__Weiss__06_04_2019__4b6d3762-5fd8-4eb0-9067-d610563b6354.mp4,,Asher,Weiss
87138,Parashat Balak: Tircha D'Tzibura,2019-07-15,3871,English,Parasha/Torah Portion,Balak,https://ta-lectures.s3.us-east-005.backblazeb2.com/thumbnails/87138/87138.jpg,https://dl.torahanytime.com/mp3/87138--Osher__Weiss__06_04_2019__740c6aae-aa9d-4489-9059-d98ef20b05f5.mp4.mp3,https://ta-lectures.s3.us-east-005.backblazeb2.com/mobileres/87138--Osher__Weiss__06_04_2019__740c6aae-aa9d-4489-9059-d98ef20b05f5.mp4,,Asher,Weiss
85890,Parashat Korach: Shlichut in Mitzvot,2019-06-27,3223,English,Parasha/Torah Portion,Korach,https://ta-lectures.s3.us-east-005.backblazeb2.com/thumbnails/85890/85890.jpg,https://dl.torahanytime.com/mp3/85890--Osher__Weiss__05_04_2019__c68152b9-b493-46d2-8de5-1818f0daf5ed.mp4.mp3,https://ta-lectures.s3.us-east-005.backblazeb2.com/mobileres/85890--Osher__Weiss__05_04_2019__c68152b9-b493-46d2-8de5-1818f0daf5ed.mp4,,Asher,Weiss
84277,Including a Few Mitzvot In One Beracha Vs. a Beracha For Each?,2019-05-30,3617,English,Jewish Understanding,,https://ta-lectures.s3.us-east-005.backblazeb2.com/thumbnails/84277/84277.jpg,https://dl.torahanytime.com/mp3/84277--Osher__Weiss__05_00_2019__d9a9db89-3758-4047-ab36-e92b783de746.mp4.mp3,https://ta-lectures.s3.us-east-005.backblazeb2.com/mobileres/84277--Osher__Weiss__05_00_2019__d9a9db89-3758-4047-ab36-e92b783de746.mp4,,Asher,Weiss
83320,Sefirat HaOmer,2019-05-20,3567,English,Holidays,Omer,https://ta-lectures.s3.us-east-005.backblazeb2.com/thumbnails/83320/83320.jpg,https://dl.torahanytime.com/mp3/83320--Osher__Weiss__04_02_2019__f98591f5-3d79-4b7d-8725-9293c7d296ed.mp4.mp3,https://ta-lectures.s3.us-east-005.backblazeb2.com/mobileres/83320--Osher__Weiss__04_02_2019__f98591f5-3d79-4b7d-8725-9293c7d296ed.mp4,,Asher,Weiss
83310,Emunah And Bitachon,2019-05-19,3013,English,Jewish Understanding,,https://ta-lectures.s3.us-east-005.backblazeb2.com/thumbnails/83310/83310.jpg,https://dl.torahanytime.com/mp3/83310--Osher__Weiss__04_02_2019__c3ba769c-c76c-4b73-911b-910b220dd3b6.mp4.mp3,https://ta-lectures.s3.us-east-005.backblazeb2.com/mobileres/83310--Osher__Weiss__04_02_2019__c3ba769c-c76c-4b73-911b-910b220dd3b6.mp4,,Asher,Weiss
79954,"Medicine on Pesach, An Incredible Journey in Halacha",2019-03-24,2462,English,Holidays,Pesach/Passover,https://ta-lectures.s3.us-east-005.backblazeb2.com/thumbnails/79954/79954.jpg,https://dl.torahanytime.com/mp3/79954--Osher__Weiss__02_04_2019__e878c748-8cdb-4e2b-b4d4-ce3729e866b8.mp4.mp3,https://ta-lectures.s3.us-east-005.backblazeb2.com/mobileres/79954--Osher__Weiss__02_04_2019__e878c748-8cdb-4e2b-b4d4-ce3729e866b8.mp4,,Asher,Weiss
76501,Parashat Terumah,2019-02-07,3632,English,Parasha/Torah Portion,Terumah,https://ta-lectures.s3.us-east-005.backblazeb2.com/thumbnails/76501/76501.jpg,https://dl.torahanytime.com/mp3/76501--Osher__Weiss__01_04_2019__e098026d-1704-461a-82eb-1cb821900c0e.mp4.mp3,https://ta-lectures.s3.us-east-005.backblazeb2.com/mobileres/76501--Osher__Weiss__01_04_2019__e098026d-1704-461a-82eb-1cb821900c0e.mp4,,Asher,Weiss
75385,Agudah Yerushalayim Yarchei Kallah 5779: Shiur Hakdama Part 2 ‐ Bishul and Pas,2019-01-22,2477,English,Halacha/Jewish Law,Kosher,https://ta-lectures.s3.us-east-005.backblazeb2.com/thumbnails/75385/75385.jpg,https://dl.torahanytime.com/mp3/75385--Osher__Weiss__00_02_2019__70864841-20eb-46d0-a19d-a78e4e14b00d.mp4.mp3,https://ta-lectures.s3.us-east-005.backblazeb2.com/mobileres/75385--Osher__Weiss__00_02_2019__70864841-20eb-46d0-a19d-a78e4e14b00d.mp4,,Asher,Weiss
75369,Parashat Yitro: Pikuach Nefesh On Shabbat,2019-01-21,3764,English,Parasha/Torah Portion,Yitro,https://ta-lectures.s3.us-east-005.backblazeb2.com/thumbnails/75369/75369.jpg,https://dl.torahanytime.com/mp3/75369--Osher__Weiss__00_02_2019__66f24c5e-d6b4-4da5-987c-277ba385848b.mp4.mp3,https://ta-lectures.s3.us-east-005.backblazeb2.com/mobileres/75369--Osher__Weiss__00_02_2019__66f24c5e-d6b4-4da5-987c-277ba385848b.mp4,,Asher,Weiss
75377,Agudah Yerushalayim Yarchei Kallah 5779: Shiur Hakdama Part 1 ‐ Yayin,2019-01-21,3006,English,Halacha/Jewish Law,Kosher,https://ta-lectures.s3.us-east-005.backblazeb2.com/thumbnails/75377/75377.jpg,https://dl.torahanytime.com/mp3/75377--Osher__Weiss__00_02_2019__502fcc98-e862-45c1-8ea3-99fddf016c0a.mp4.mp3,https://ta-lectures.s3.us-east-005.backblazeb2.com/mobileres/75377--Osher__Weiss__00_02_2019__502fcc98-e862-45c1-8ea3-99fddf016c0a.mp4,,Asher,Weiss
75376,"Agudah Yerushalayim Yarchei Kallah 5779: Contemporary Halachic Issues in Kashrut - R. Genack, R. Weiss, R. Goldmunzer",2019-01-21,6209,English,Halacha/Jewish Law,Kosher,https://ta-lectures.s3.us-east-005.backblazeb2.com/thumbnails/75376/75376.jpg,https://dl.torahanytime.com/mp3/75376--Special__Event__00_02_2019__404b871a-08d4-4225-89f7-b7ba6fa692e0.mp4.mp3,https://ta-lectures.s3.us-east-005.backblazeb2.com/mobileres/75376--Special__Event__00_02_2019__404b871a-08d4-4225-89f7-b7ba6fa692e0.mp4,,Special,Event
75055,Parashat Beshalach: Techum Shabbat,2019-01-15,3086,English,Parasha/Torah Portion,Beshalach,https://ta-lectures.s3.us-east-005.backblazeb2.com/thumbnails/75055/75055.jpg,https://dl.torahanytime.com/mp3/75055--Osher__Weiss__00_04_2019__a0eb684b-e65b-483f-8022-618118a51ffe.mp4.mp3,https://ta-lectures.s3.us-east-005.backblazeb2.com/mobileres/75055--Osher__Weiss__00_04_2019__a0eb684b-e65b-483f-8022-618118a51ffe.mp4,,Asher,Weiss
74532,Parashat Bo: Korban Pesach,2019-01-07,3293,English,Parasha/Torah Portion,Bo,https://ta-lectures.s3.us-east-005.backblazeb2.com/thumbnails/74532/74532.jpg,https://dl.torahanytime.com/mp3/74532--Osher__Weiss__00_03_2019__c4fb8549-39da-459a-ae5d-efd5e4beec5f.mp4.mp3,https://ta-lectures.s3.us-east-005.backblazeb2.com/mobileres/74532--Osher__Weiss__00_03_2019__c4fb8549-39da-459a-ae5d-efd5e4beec5f.mp4,,Asher,Weiss
74050,Parashat Va'eira: Kiddush Hashem,2019-01-02,3521,English,Parasha/Torah Portion,Va'eira,https://ta-lectures.s3.us-east-005.backblazeb2.com/thumbnails/74050/74050.jpg,https://dl.torahanytime.com/mp3/74050--Osher__Weiss__00_03_2019__fa3ad49a-0faa-499f-bda9-836f074965b3.mp4.mp3,https://ta-lectures.s3.us-east-005.backblazeb2.com/mobileres/74050--Osher__Weiss__00_03_2019__fa3ad49a-0faa-499f-bda9-836f074965b3.mp4,,Asher,Weiss
73664,Parashat Shemot: Raising a Hand on a Friend,2018-12-27,3298,English,Parasha/Torah Portion,Shemot,https://ta-lectures.s3.us-east-005.backblazeb2.com/thumbnails/audio.jpg,https://dl.torahanytime.com/mp3/73664--Osher__Weiss__11_05_2018__93026ea1-c441-41cc-9c39-adf120eeb7e7.mp3.mp3,,,Asher,Weiss
73130,The Obligation to Get Vaccinated,2018-12-20,3618,English,Jewish Understanding,,https://ta-lectures.s3.us-east-005.backblazeb2.com/thumbnails/73130/73130.jpg,https://dl.torahanytime.com/mp3/73130--Osher__Weiss__11_04_2018__84476727-fa54-4616-8844-6d58ea08d08e.mp4.mp3,https://ta-lectures.s3.us-east-005.backblazeb2.com/mobileres/73130--Osher__Weiss__11_04_2018__84476727-fa54-4616-8844-6d58ea08d08e.mp4,,Asher,Weiss
72579,London Hesped for HaRav Aharon Leib Shteinman ztl on His First Yahrzeit,2018-12-10,2847,English,Eulogies/Hespedim,,https://ta-lectures.s3.us-east-005.backblazeb2.com/thumbnails/72579/72579.jpg,https://dl.torahanytime.com/mp3/72579--Osher__Weiss__11_03_2018__fa51b267-5154-413c-8027-ed40668c94de.mp4.mp3,https://ta-lectures.s3.us-east-005.backblazeb2.com/mobileres/72579--Osher__Weiss__11_03_2018__fa51b267-5154-413c-8027-ed40668c94de.mp4,,Asher,Weiss
71739,Ner Chanukah,2018-11-26,3531,English,Holidays,Chanukah,https://ta-lectures.s3.us-east-005.backblazeb2.com/thumbnails/audio.jpg,https://dl.torahanytime.com/mp3/71739--Osher__Weiss__10_04_2018__139fd804-e8ee-4d4c-bf79-4de7ff7c3c54.mp3.mp3,,,Asher,Weiss
71173,Parashat Vayishlach: Gid Hanasheh,2018-11-20,3396,English,Parasha/Torah Portion,Vayishlach,https://ta-lectures.s3.us-east-005.backblazeb2.com/thumbnails/71173/71173.jpg,https://dl.torahanytime.com/mp3/71173--Osher__Weiss__10_03_2018__c266d946-88b4-4c83-8f14-52e70e6167b4.mp4.mp3,https://ta-lectures.s3.us-east-005.backblazeb2.com/mobileres/71173--Osher__Weiss__10_03_2018__c266d946-88b4-4c83-8f14-52e70e6167b4.mp4,,Asher,Weiss
71188,Parashat Vayetzei: Women in Prayer,2018-11-13,3276,English,Parasha/Torah Portion,Vayetzei,https://ta-lectures.s3.us-east-005.backblazeb2.com/thumbnails/71188/71188.jpg,https://dl.torahanytime.com/mp3/71188--Osher__Weiss__10_03_2018__9c5d802b-460b-4d4a-8314-cb152d76fd2b.mp4.mp3,https://ta-lectures.s3.us-east-005.backblazeb2.com/mobileres/71188--Osher__Weiss__10_03_2018__9c5d802b-460b-4d4a-8314-cb152d76fd2b.mp4,,Asher,Weiss
69852,Parashat Chayei Sarah,2018-10-29,3669,English,Parasha/Torah Portion,Chayei Sarah,https://ta-lectures.s3.us-east-005.backblazeb2.com/thumbnails/audio.jpg,https://dl.torahanytime.com/mp3/69852--Osher__Weiss__10_04_2018__06af8e02-571d-44c9-a497-a47a9510a38b.mp3.mp3,,,Asher,Weiss
69352,Parashat Vayeira,2018-10-22,3008,English,Parasha/Torah Portion,Vayeira,https://ta-lectures.s3.us-east-005.backblazeb2.com/thumbnails/69352/69352.jpg,https://dl.torahanytime.com/mp3/69352--Osher__Weiss__09_04_2018__bcce5fcd-b1d9-4af6-b39e-bc2bc9ce249a.mp4.mp3,https://ta-lectures.s3.us-east-005.backblazeb2.com/mobileres/69352--Osher__Weiss__09_04_2018__bcce5fcd-b1d9-4af6-b39e-bc2bc9ce249a.mp4,,Asher,Weiss
68455,Parashat Noach: Sheva Mitzvot B'nei Noach,2018-10-10,3607,English,Parasha/Torah Portion,Noach,https://ta-lectures.s3.us-east-005.backblazeb2.com/thumbnails/68455/68455.jpg,https://dl.torahanytime.com/mp3/68455--Osher__Weiss__09_04_2018__699bc6cb-8926-44e7-8842-f10fb7818711.mp4.mp3,https://ta-lectures.s3.us-east-005.backblazeb2.com/mobileres/68455--Osher__Weiss__09_04_2018__699bc6cb-8926-44e7-8842-f10fb7818711.mp4,,Asher,Weiss
67047,The Mitzvah of Tshuva,2018-09-04,2593,English,Teshuvah/Repentance,,https://ta-lectures.s3.us-east-005.backblazeb2.com/thumbnails/67047/67047.jpg,https://dl.torahanytime.com/mp3/67047---Osher__Weiss__09_04_2018__3be0e36c2f55ae7cc8fafc97f1d5fe889d847ad5.mp4.mp4.mp3,https://ta-lectures.s3.us-east-005.backblazeb2.com/mobileres/67047---Osher__Weiss__09_04_2018__3be0e36c2f55ae7cc8fafc97f1d5fe889d847ad5.mp4.mp4,,Asher,Weiss
66581,Rosh Hashanah: The Mitzvah of Shofar,2018-08-29,3273,English,Holidays,Rosh Hashanah,https://ta-lectures.s3.us-east-005.backblazeb2.com/thumbnails/66581/66581.jpg,https://dl.torahanytime.com/mp3/66581---Osher__Weiss__08_29_2018__b907148e44dd1091f51d4627a1bdbbc9f2d760ba.mp4.mp4.mp3,https://ta-lectures.s3.us-east-005.backblazeb2.com/mobileres/66581---Osher__Weiss__08_29_2018__b907148e44dd1091f51d4627a1bdbbc9f2d760ba.mp4.mp4,,Asher,Weiss
66217,Parashat Ki Tetzei: The Mechanics of Peh Sheasar and Migo,2018-08-21,3969,English,Parasha/Torah Portion,Ki Tetzei,https://ta-lectures.s3.us-east-005.backblazeb2.com/thumbnails/66217/66217.jpg,https://dl.torahanytime.com/mp3/66217---Osher__Weiss__08_21_2018__f4ea863111213fee301908a69c3369006338cfab.mp4.mp4.mp3,https://ta-lectures.s3.us-east-005.backblazeb2.com/mobileres/66217---Osher__Weiss__08_21_2018__f4ea863111213fee301908a69c3369006338cfab.mp4.mp4,,Asher,Weiss
65820,Parashat Shoftim: The Issur of taking a Bribe,2018-08-14,4092,English,Parasha/Torah Portion,Shoftim,https://ta-lectures.s3.us-east-005.backblazeb2.com/thumbnails/65820/65820.jpg,https://dl.torahanytime.com/mp3/65820---Osher__Weiss__08_14_2018__290c90536eae681fe24bfa2e819dd457026fb92e.mp4.mp4.mp3,https://ta-lectures.s3.us-east-005.backblazeb2.com/mobileres/65820---Osher__Weiss__08_14_2018__290c90536eae681fe24bfa2e819dd457026fb92e.mp4.mp4,,Asher,Weiss
64529,"Tisha B'av ""Nidcha""",2018-07-16,3122,English,Holidays,Tisha B'Av,https://ta-lectures.s3.us-east-005.backblazeb2.com/thumbnails/64529/64529.jpg,https://dl.torahanytime.com/mp3/64529---Osher__Weiss__07_16_2018__0fa6e44894f59029002481caf4b8a7bcdb7670fb.mp4.mp4.mp3,https://ta-lectures.s3.us-east-005.backblazeb2.com/mobileres/64529---Osher__Weiss__07_16_2018__0fa6e44894f59029002481caf4b8a7bcdb7670fb.mp4.mp4,,Asher,Weiss
62427,Parashat Korach: Shlichut B'Terumah,2018-06-11,3721,English,Parasha/Torah Portion,Korach,https://ta-lectures.s3.us-east-005.backblazeb2.com/thumbnails/62427/62427.jpg,https://dl.torahanytime.com/mp3/62427---Osher__Weiss__06_11_2018__46ba3b7a9559c7fba8c5af4a644458efae1da1b5.mp4.mp4.mp3,https://ta-lectures.s3.us-east-005.backblazeb2.com/mobileres/62427---Osher__Weiss__06_11_2018__46ba3b7a9559c7fba8c5af4a644458efae1da1b5.mp4.mp4,,Asher,Weiss
62255,Parashat Shelach: Hafrashat Challah,2018-06-07,3096,English,Parasha/Torah Portion,Shelach,https://ta-lectures.s3.us-east-005.backblazeb2.com/thumbnails/62255/62255.jpg,https://dl.torahanytime.com/mp3/62255---Osher__Weiss__06_07_2018__014ee9e9fcd0d6c5965ff2de8c28eeb3ef0ecceb.mp4.mp4.mp3,https://ta-lectures.s3.us-east-005.backblazeb2.com/mobileres/62255---Osher__Weiss__06_07_2018__014ee9e9fcd0d6c5965ff2de8c28eeb3ef0ecceb.mp4.mp4,,Asher,Weiss
61234,Shavuot: Birkat HaTorah,2018-05-14,3581,English,Holidays,Shavuot,https://ta-lectures.s3.us-east-005.backblazeb2.com/thumbnails/61234/61234.jpg,https://dl.torahanytime.com/mp3/61234---Osher__Weiss__05_14_2018__353231edabdcfbbe03c3ba3d0f3f156c8d8dbb6a.mp4.mp4.mp3,https://ta-lectures.s3.us-east-005.backblazeb2.com/mobileres/61234---Osher__Weiss__05_14_2018__353231edabdcfbbe03c3ba3d0f3f156c8d8dbb6a.mp4.mp4,,Asher,Weiss
60648,Parashat Behar-Bechukotai: Torah and Mitzvot - Which of Them is More Important?,2018-05-07,3122,English,Parasha/Torah Portion,Behar-Bechukotai,https://ta-lectures.s3.us-east-005.backblazeb2.com/thumbnails/60648/60648.jpg,https://dl.torahanytime.com/mp3/60648---Osher__Weiss__05_07_2018__22c6f861e0cb9a0f06e8d9edc1fba33687b3ee68.mp4.mp4.mp3,https://ta-lectures.s3.us-east-005.backblazeb2.com/mobileres/60648---Osher__Weiss__05_07_2018__22c6f861e0cb9a0f06e8d9edc1fba33687b3ee68.mp4.mp4,,Asher,Weiss
60356,Parashat Behar-Bechukotai: Business with your Jewish brother,2018-05-01,3772,English,Parasha/Torah Portion,Behar-Bechukotai,https://ta-lectures.s3.us-east-005.backblazeb2.com/thumbnails/60356/60356.jpg,https://dl.torahanytime.com/mp3/60356---Osher__Weiss__05_01_2018__b3345795cec09eeeebadcfc9db94108f5733d947.mp4.mp4.mp3,https://ta-lectures.s3.us-east-005.backblazeb2.com/mobileres/60356---Osher__Weiss__05_01_2018__b3345795cec09eeeebadcfc9db94108f5733d947.mp4.mp4,,Asher,Weiss
60064,Sefirat HaOmer,2018-04-23,3556,English,Holidays,Omer,https://ta-lectures.s3.us-east-005.backblazeb2.com/thumbnails/60064/60064.jpg,https://dl.torahanytime.com/mp3/60064---Osher__Weiss__04_23_2018__08e4f4f4b367a247aba5f47d5ddfb3dbc5e84d9c.mp4.mp4.mp3,https://ta-lectures.s3.us-east-005.backblazeb2.com/mobileres/60064---Osher__Weiss__04_23_2018__08e4f4f4b367a247aba5f47d5ddfb3dbc5e84d9c.mp4.mp4,,Asher,Weiss
58615,Pesach: The Machine Matzah Controversy,2018-03-22,3263,English,Holidays,Pesach/Passover,https://ta-lectures.s3.us-east-005.backblazeb2.com/thumbnails/58615/58615.jpg,https://dl.torahanytime.com/mp3/58615---Osher__Weiss__03_22_2018__5b192845ceeef4925fe8face493343b82c4cfdd6.mp4.mp4.mp3,https://ta-lectures.s3.us-east-005.backblazeb2.com/mobileres/58615---Osher__Weiss__03_22_2018__5b192845ceeef4925fe8face493343b82c4cfdd6.mp4.mp4,,Asher,Weiss
58075,Kitneyot on Pesach,2018-03-12,3753,English,Halacha/Jewish Law,Hilchot Pesach,https://ta-lectures.s3.us-east-005.backblazeb2.com/thumbnails/58075/58075.jpg,https://dl.torahanytime.com/mp3/58075---Osher__Weiss__03_12_2018__2fc37023bbf041cf86a09f1bfc4100959c7ba674.mp4.mp4.mp3,https://ta-lectures.s3.us-east-005.backblazeb2.com/mobileres/58075---Osher__Weiss__03_12_2018__2fc37023bbf041cf86a09f1bfc4100959c7ba674.mp4.mp4,,Asher,Weiss
57776,Parashat Vayakhel: The Essence of the Melacha of Mavir (Lighting a Fire),2018-03-05,4054,English,Parasha/Torah Portion,Vayakhel,https://ta-lectures.s3.us-east-005.backblazeb2.com/thumbnails/57776/57776.jpg,https://dl.torahanytime.com/mp3/57776---Osher__Weiss__03_05_2018__668e9d17574ba1c85c6b9170623fa00411163704.mp4.mp4.mp3,https://ta-lectures.s3.us-east-005.backblazeb2.com/mobileres/57776---Osher__Weiss__03_05_2018__668e9d17574ba1c85c6b9170623fa00411163704.mp4.mp4,,Asher,Weiss
57492,Timing of Seudat Purim,2018-02-26,2882,English,Holidays,Purim,https://ta-lectures.s3.us-east-005.backblazeb2.com/thumbnails/57492/57492.jpg,https://dl.torahanytime.com/mp3/57492---Osher__Weiss__02_26_2018__fc0ac72ce0f4112999a37976c9868a6935eaa0c7.mp4.mp4.mp3,https://ta-lectures.s3.us-east-005.backblazeb2.com/mobileres/57492---Osher__Weiss__02_26_2018__fc0ac72ce0f4112999a37976c9868a6935eaa0c7.mp4.mp4,,Asher,Weiss
57252,Simchat Purim,2018-02-20,3450,English,Holidays,Purim,https://ta-lectures.s3.us-east-005.backblazeb2.com/thumbnails/57252/57252.jpg,https://dl.torahanytime.com/mp3/57252---Osher__Weiss__02_20_2018__2d127a19bbc6b8c93e22458ac19a743cab7b7d50.mp4.mp4.mp3,https://ta-lectures.s3.us-east-005.backblazeb2.com/mobileres/57252---Osher__Weiss__02_20_2018__2d127a19bbc6b8c93e22458ac19a743cab7b7d50.mp4.mp4,,Asher,Weiss
56749,Parashat Terumah: Kedushat Beit Hamikdash,2018-02-12,3615,English,Parasha/Torah Portion,Terumah,https://ta-lectures.s3.us-east-005.backblazeb2.com/thumbnails/56749/56749.jpg,https://dl.torahanytime.com/mp3/56749---Osher__Weiss__02_12_2018__7ee6a04d3de1cb629456f2916ec26b535c4d59f4.mp4.mp4.mp3,https://ta-lectures.s3.us-east-005.backblazeb2.com/mobileres/56749---Osher__Weiss__02_12_2018__7ee6a04d3de1cb629456f2916ec26b535c4d59f4.mp4.mp4,,Asher,Weiss
56505,Parashat Mishpatim: Mitzvot Ben Adam Lechaviro - Essence and Nature,2018-02-06,3784,English,Parasha/Torah Portion,Mishpatim,https://ta-lectures.s3.us-east-005.backblazeb2.com/thumbnails/audio.jpg,https://dl.torahanytime.com/mp3/56505---Osher__Weiss__02_06_2018__1d77be8f52f1d5cd5b6ed3b390f8eabc0ea7667e.mp3.mp3,,,Asher,Weiss
55819,Preventing Chilul Shabbes before Shabbat for the purpose of Pikuach Nefesh,2018-01-24,3447,English,Halacha/Jewish Law,Shabbat,https://ta-lectures.s3.us-east-005.backblazeb2.com/thumbnails/55819/55819.jpg,https://dl.torahanytime.com/mp3/55819---Osher__Weiss__01_24_2018__e873e33b62a72f8ce2292ebcdf18b7ecbb12e6e9.mp4.mp4.mp3,https://ta-lectures.s3.us-east-005.backblazeb2.com/mobileres/55819---Osher__Weiss__01_24_2018__e873e33b62a72f8ce2292ebcdf18b7ecbb12e6e9.mp4.mp4,,Asher,Weiss
55071,Parashat Bo: Davar She'eno Mitkaven & Psik Reisha,2018-01-15,3559,English,Parasha/Torah Portion,Bo,https://ta-lectures.s3.us-east-005.backblazeb2.com/thumbnails/55071/55071.jpg,https://dl.torahanytime.com/mp3/55071---Osher__Weiss__01_15_2018__52620f922d321599acb2ab1363123faedf18859c.mp4.mp4.mp3,https://ta-lectures.s3.us-east-005.backblazeb2.com/mobileres/55071---Osher__Weiss__01_15_2018__52620f922d321599acb2ab1363123faedf18859c.mp4.mp4,,Asher,Weiss
54354,Parashat Shemot: Jewish Identity,2018-01-03,3531,English,Parasha/Torah Portion,Shemot,https://ta-lectures.s3.us-east-005.backblazeb2.com/thumbnails/54354/54354.jpg,https://dl.torahanytime.com/mp3/54354---Osher__Weiss__01_03_2018__fd083b32db9090fb5b14666aecbe8b85702e46e3.mp4.mp4.mp3,https://ta-lectures.s3.us-east-005.backblazeb2.com/mobileres/54354---Osher__Weiss__01_03_2018__fd083b32db9090fb5b14666aecbe8b85702e46e3.mp4.mp4,,Asher,Weiss
53949,Parashat Vayechi: Burial and Embalming,2017-12-26,3603,English,Parasha/Torah Portion,Vayechi,https://ta-lectures.s3.us-east-005.backblazeb2.com/thumbnails/53949/53949.jpg,https://dl.torahanytime.com/mp3/53949---Osher__Weiss__12_26_2017__edfef335f29d37c80c7b5fe3dc617ac4de5dfad5.mp4.mp4.mp3,https://ta-lectures.s3.us-east-005.backblazeb2.com/mobileres/53949---Osher__Weiss__12_26_2017__edfef335f29d37c80c7b5fe3dc617ac4de5dfad5.mp4.mp4,,Asher,Weiss
53437,Hiddur Ner Chanukah,2017-12-19,3766,English,Holidays,Chanukah,https://ta-lectures.s3.us-east-005.backblazeb2.com/thumbnails/53437/53437.jpg,https://dl.torahanytime.com/mp3/53437---Osher__Weiss__12_19_2017__b3317a1ac58a144ce63377d64f15dd3d3fa64a73.mp4.mp4.mp3,https://ta-lectures.s3.us-east-005.backblazeb2.com/mobileres/53437---Osher__Weiss__12_19_2017__b3317a1ac58a144ce63377d64f15dd3d3fa64a73.mp4.mp4,,Asher,Weiss
53123,Chanukah,2017-12-12,3783,English,Holidays,Chanukah,https://ta-lectures.s3.us-east-005.backblazeb2.com/thumbnails/53123/53123.jpg,https://dl.torahanytime.com/mp3/53123---Osher__Weiss__12_12_2017__e061fd64a7d3d7a7e838bf9afbbe94d42b940e67.mp4.mp4.mp3,https://ta-lectures.s3.us-east-005.backblazeb2.com/mobileres/53123---Osher__Weiss__12_12_2017__e061fd64a7d3d7a7e838bf9afbbe94d42b940e67.mp4.mp4,,Asher,Weiss
52389,Parashat Vayeshev: Embarrassing Another Person,2017-12-04,3607,English,Parasha/Torah Portion,Vayeshev,https://ta-lectures.s3.us-east-005.backblazeb2.com/thumbnails/52389/52389.jpg,https://dl.torahanytime.com/mp3/52389---Osher__Weiss__12_04_2017__2231f2de0ed0a8d348e8cb30f5134b8113ac33ba.mp4.mp4.mp3,https://ta-lectures.s3.us-east-005.backblazeb2.com/mobileres/52389---Osher__Weiss__12_04_2017__2231f2de0ed0a8d348e8cb30f5134b8113ac33ba.mp4.mp4,,Asher,Weiss
51961,Parashat Vayishlach: Gid Hanashe,2017-11-27,3597,English,Parasha/Torah Portion,Vayishlach,https://ta-lectures.s3.us-east-005.backblazeb2.com/thumbnails/51961/51961.jpg,https://dl.torahanytime.com/mp3/51961---Osher__Weiss__11_27_2017__774c0bb0fbe27ef755456a538c4937e58d862dc4.mp4.mp4.mp3,https://ta-lectures.s3.us-east-005.backblazeb2.com/mobileres/51961---Osher__Weiss__11_27_2017__774c0bb0fbe27ef755456a538c4937e58d862dc4.mp4.mp4,,Asher,Weiss
51946,Can One Rely on Someone who doesn’t observe Kasharut (in Matters of Kasharut),2017-11-23,3538,English,Halacha/Jewish Law,Kosher,https://ta-lectures.s3.us-east-005.backblazeb2.com/thumbnails/51946/51946.jpg,https://dl.torahanytime.com/mp3/51946---Osher__Weiss__11_23_2017__28b32a74fa65218098ec8ea4af0d70f4bdf29249.mp4.mp4.mp3,https://ta-lectures.s3.us-east-005.backblazeb2.com/mobileres/51946---Osher__Weiss__11_23_2017__28b32a74fa65218098ec8ea4af0d70f4bdf29249.mp4.mp4,,Asher,Weiss
51269,Parashat Toldot: Trusting the Kasharut of Someone Not Religious,2017-11-16,3506,English,Parasha/Torah Portion,Toldot,https://ta-lectures.s3.us-east-005.backblazeb2.com/thumbnails/51269/51269.jpg,https://dl.torahanytime.com/mp3/51269---Osher__Weiss__11_16_2017__4fbf3810e3ebe8f5e5d9e4f296f2f929b461bf3c.mp4.mp4.mp3,https://ta-lectures.s3.us-east-005.backblazeb2.com/mobileres/51269---Osher__Weiss__11_16_2017__4fbf3810e3ebe8f5e5d9e4f296f2f929b461bf3c.mp4.mp4,,Asher,Weiss
50665,Parashat Chayei Sarah: Can a Kohen Go Into the Ma'arat Hamachpela?,2017-11-09,3331,English,Parasha/Torah Portion,Chayei Sarah,https://ta-lectures.s3.us-east-005.backblazeb2.com/thumbnails/50665/50665.jpg,https://dl.torahanytime.com/mp3/50665---Osher__Weiss__11_09_2017__35ed12359eba275bcb805ac4395e46b98e30a439.mp4.mp4.mp3,https://ta-lectures.s3.us-east-005.backblazeb2.com/mobileres/50665---Osher__Weiss__11_09_2017__35ed12359eba275bcb805ac4395e46b98e30a439.mp4.mp4,,Asher,Weiss
50177,Parashat Vayeira: The Beracha of Shehechiyanu,2017-10-30,3142,English,Parasha/Torah Portion,Vayeira,https://ta-lectures.s3.us-east-005.backblazeb2.com/thumbnails/50177/50177.jpg,https://dl.torahanytime.com/mp3/50177---Osher__Weiss__10_30_2017__a23566385d2e1171eb874b0ade0bcea6b49ad204.mp4.mp4.mp3,https://ta-lectures.s3.us-east-005.backblazeb2.com/mobileres/50177---Osher__Weiss__10_30_2017__a23566385d2e1171eb874b0ade0bcea6b49ad204.mp4.mp4,,Asher,Weiss
49963,Parashat lech Lecha: Get Tzedek Vs. Ger Toshav,2017-10-23,3513,English,Parasha/Torah Portion,Lech Lecha,https://ta-lectures.s3.us-east-005.backblazeb2.com/thumbnails/49963/49963.jpg,https://dl.torahanytime.com/mp3/49963---Osher__Weiss__10_23_2017__4c1f1c256d5cb786956e404af99e056023ffd864.mpg.mp4.mp3,https://ta-lectures.s3.us-east-005.backblazeb2.com/mobileres/49963---Osher__Weiss__10_23_2017__4c1f1c256d5cb786956e404af99e056023ffd864.mpg.mp4,,Asher,Weiss
48333,"Rosh Hashanah: The ""Standing"" and ""Sitting"" Tikeot",2017-09-17,3525,English,Holidays,Rosh Hashanah,https://ta-lectures.s3.us-east-005.backblazeb2.com/thumbnails/48333/48333.jpg,https://dl.torahanytime.com/mp3/48333---Osher__Weiss__09_17_2017__81941f2bd34e1adcd55239776d98309d8cd8302d.mpg.mp4.mp3,https://ta-lectures.s3.us-east-005.backblazeb2.com/mobileres/48333---Osher__Weiss__09_17_2017__81941f2bd34e1adcd55239776d98309d8cd8302d.mpg.mp4,,Asher,Weiss
47813,Parashat Nitzavim: The Beracha of a Mitzvah Before its Proper Time,2017-09-10,3319,English,Parasha/Torah Portion,Nitzavim,https://ta-lectures.s3.us-east-005.backblazeb2.com/thumbnails/47813/47813.jpg,https://dl.torahanytime.com/mp3/47813---Osher__Weiss__09_10_2017__51d17e28f72ce0faf650afc7653feec5372d5f78.mpg.mp4.mp3,https://ta-lectures.s3.us-east-005.backblazeb2.com/mobileres/47813---Osher__Weiss__09_10_2017__51d17e28f72ce0faf650afc7653feec5372d5f78.mpg.mp4,,Asher,Weiss
47421,Parashat Ki Tavo: The Expenses and Effort Needed in Performing a Mitzva,2017-09-03,2954,English,Parasha/Torah Portion,Ki Tavo,https://ta-lectures.s3.us-east-005.backblazeb2.com/thumbnails/47421/47421.jpg,https://dl.torahanytime.com/mp3/47421---Osher__Weiss__09_03_2017__61002b044a5fb0837018bf847e9a994305dccabf.mpg.mp4.mp3,https://ta-lectures.s3.us-east-005.backblazeb2.com/mobileres/47421---Osher__Weiss__09_03_2017__61002b044a5fb0837018bf847e9a994305dccabf.mpg.mp4,,Asher,Weiss
47114,Parashat Ki Tetzei: Shiluach Haken,2017-08-27,4054,English,Parasha/Torah Portion,Ki Tetzei,https://ta-lectures.s3.us-east-005.backblazeb2.com/thumbnails/47114/47114.jpg,https://dl.torahanytime.com/mp3/47114---Osher__Weiss__08_27_2017__01e63ec30d9499e71919a5e5f21e5924421963ab.mpg.mp4.mp3,https://ta-lectures.s3.us-east-005.backblazeb2.com/mobileres/47114---Osher__Weiss__08_27_2017__01e63ec30d9499e71919a5e5f21e5924421963ab.mpg.mp4,,Asher,Weiss
46354,"Parashat Ekev: Saying ""Leshem Yichud""",2017-08-06,3372,English,Parasha/Torah Portion,Ekev,https://ta-lectures.s3.us-east-005.backblazeb2.com/thumbnails/46354/46354.jpg,https://dl.torahanytime.com/mp3/46354---Osher__Weiss__08_06_2017__08b4695bc2a76d91d859a43747913862edcc3b97.mpg.mp4.mp3,https://ta-lectures.s3.us-east-005.backblazeb2.com/mobileres/46354---Osher__Weiss__08_06_2017__08b4695bc2a76d91d859a43747913862edcc3b97.mpg.mp4,,Asher,Weiss
45785,Fasting on Tisha B'Av Nowadays,2017-07-23,3295,English,Holidays,Tisha B'Av,https://ta-lectures.s3.us-east-005.backblazeb2.com/thumbnails/45785/45785.jpg,https://dl.torahanytime.com/mp3/45785---Osher__Weiss__07_23_2017__b7322332c9d433cbf2895fcf8a99e7dd57a497ab.mpg.mp4.mp3,https://ta-lectures.s3.us-east-005.backblazeb2.com/mobileres/45785---Osher__Weiss__07_23_2017__b7322332c9d433cbf2895fcf8a99e7dd57a497ab.mpg.mp4,,Asher,Weiss
45439,Parashat Matot-Masay: How Does a Lottery Work?,2017-07-17,3601,English,Parasha/Torah Portion,Matot,https://ta-lectures.s3.us-east-005.backblazeb2.com/thumbnails/45439/45439.jpg,https://dl.torahanytime.com/mp3/45439---Osher__Weiss__07_17_2017__7d014dd05f55ce11b22ae09536591d919c35c7d3.mpg.mp4.mp3,https://ta-lectures.s3.us-east-005.backblazeb2.com/mobileres/45439---Osher__Weiss__07_17_2017__7d014dd05f55ce11b22ae09536591d919c35c7d3.mpg.mp4,,Asher,Weiss
45033,Parashat Pinchas: Non Jewish Wine Nowadays,2017-07-09,3783,English,Parasha/Torah Portion,Pinchas,https://ta-lectures.s3.us-east-005.backblazeb2.com/thumbnails/45033/45033.jpg,https://dl.torahanytime.com/mp3/45033---Osher__Weiss__07_09_2017__e1c6597c89f8986541ba87075e0c52f5a14fed2c.mpg.mp4.mp3,https://ta-lectures.s3.us-east-005.backblazeb2.com/mobileres/45033---Osher__Weiss__07_09_2017__e1c6597c89f8986541ba87075e0c52f5a14fed2c.mpg.mp4,,Asher,Weiss
44541,Divrei Chizuk about Churban Bait Hamikdash,2017-06-28,2100,English,Holidays,The 3 Weeks,https://ta-lectures.s3.us-east-005.backblazeb2.com/thumbnails/44541/44541.jpg,https://dl.torahanytime.com/mp3/44541---Osher__Weiss__06_28_2017__245da8fc76a4225f1ea646eea182344703f02284.mpg.mp4.mp3,https://ta-lectures.s3.us-east-005.backblazeb2.com/mobileres/44541---Osher__Weiss__06_28_2017__245da8fc76a4225f1ea646eea182344703f02284.mpg.mp4,,Asher,Weiss
44531,Parashat Chukat: Ttumat kohanim B'Kivrei Tzadikim,2017-06-25,3036,English,Parasha/Torah Portion,Chukat,https://ta-lectures.s3.us-east-005.backblazeb2.com/thumbnails/44531/44531.jpg,https://dl.torahanytime.com/mp3/44531---Osher__Weiss__06_25_2017__088e8ffce8c3c758ae308c660fe273240c03c6a6.mp4.mp4.mp3,https://ta-lectures.s3.us-east-005.backblazeb2.com/mobileres/44531---Osher__Weiss__06_25_2017__088e8ffce8c3c758ae308c660fe273240c03c6a6.mp4.mp4,,Asher,Weiss
44263,Parashat Korach: Shlichut B'Moitzvot,2017-06-19,3461,English,Parasha/Torah Portion,Korach,https://ta-lectures.s3.us-east-005.backblazeb2.com/thumbnails/44263/44263.jpg,https://dl.torahanytime.com/mp3/44263---Osher__Weiss__06_19_2017__ee2abfde4ac4f5e421403e4dac39b1075786b196.mp4.mp4.mp3,https://ta-lectures.s3.us-east-005.backblazeb2.com/mobileres/44263---Osher__Weiss__06_19_2017__ee2abfde4ac4f5e421403e4dac39b1075786b196.mp4.mp4,,Asher,Weiss
43635,Parashat Be'halot'cha: Prayers to Heal the Sick,2017-06-04,3646,English,Parasha/Torah Portion,Be'halot'cha,https://ta-lectures.s3.us-east-005.backblazeb2.com/thumbnails/43635/43635.jpg,https://dl.torahanytime.com/mp3/43635---Osher__Weiss__06_04_2017__63f0c442c265f647c07f8c610a4a8b54253482df.mpg.mp4.mp3,https://ta-lectures.s3.us-east-005.backblazeb2.com/mobileres/43635---Osher__Weiss__06_04_2017__63f0c442c265f647c07f8c610a4a8b54253482df.mpg.mp4,,Asher,Weiss
43033,Shavuot: Talmud Torah,2017-05-23,3275,English,Holidays,Shavuot,https://ta-lectures.s3.us-east-005.backblazeb2.com/thumbnails/43033/43033.jpg,https://dl.torahanytime.com/mp3/43033---Osher__Weiss__05_23_2017__04e858f51159362683b708623f8edb7b80c57629.mpg.mp4.mp3,https://ta-lectures.s3.us-east-005.backblazeb2.com/mobileres/43033---Osher__Weiss__05_23_2017__04e858f51159362683b708623f8edb7b80c57629.mpg.mp4,,Asher,Weiss
42320,Sefirat HaOmer,2017-05-08,3365,English,Holidays,Omer,https://ta-lectures.s3.us-east-005.backblazeb2.com/thumbnails/42320/42320.jpg,https://dl.torahanytime.com/mp3/42320---Osher__Weiss__05_08_2017__d43f7ac5dbe1b3dd83367dc51ff2dc96519abd50.mpg.mp4.mp3,https://ta-lectures.s3.us-east-005.backblazeb2.com/mobileres/42320---Osher__Weiss__05_08_2017__d43f7ac5dbe1b3dd83367dc51ff2dc96519abd50.mpg.mp4,,Asher,Weiss
41022,Bedikat Chometz Before Erev Pesach,2017-03-27,3787,English,Halacha/Jewish Law,Hilchot Pesach,https://ta-lectures.s3.us-east-005.backblazeb2.com/thumbnails/41022/41022.jpg,https://dl.torahanytime.com/mp3/41022---Osher__Weiss__03_27_2017__a7eac1ee1cfa8f1edd5db13fb297acf34e6ea7aa.mpg.mp4.mp3,https://ta-lectures.s3.us-east-005.backblazeb2.com/mobileres/41022---Osher__Weiss__03_27_2017__a7eac1ee1cfa8f1edd5db13fb297acf34e6ea7aa.mpg.mp4,,Asher,Weiss
40092,"Purim: One that Performed a Mitzvah Bedieved, Could He Do It Again Lechatchila",2017-03-06,3550,English,Holidays,Purim,https://ta-lectures.s3.us-east-005.backblazeb2.com/thumbnails/40092/40092.jpg,https://dl.torahanytime.com/mp3/40092---Osher__Weiss__03_06_2017__ac3764e9d400cbf4c5db2ede358ec73e83e4bff3.mpg.mp4.mp3,https://ta-lectures.s3.us-east-005.backblazeb2.com/mobileres/40092---Osher__Weiss__03_06_2017__ac3764e9d400cbf4c5db2ede358ec73e83e4bff3.mpg.mp4,,Asher,Weiss
39753,Parashat Terumah: Mitzvah of building Beit Hamikdash,2017-03-01,3358,English,Parasha/Torah Portion,Terumah,https://ta-lectures.s3.us-east-005.backblazeb2.com/thumbnails/39753/39753.jpg,https://dl.torahanytime.com/mp3/39753---Osher__Weiss__03_01_2017__c4f00687b09d6e87128bf7d6400902381df7b641.mpg.mp4.mp3,https://ta-lectures.s3.us-east-005.backblazeb2.com/mobileres/39753---Osher__Weiss__03_01_2017__c4f00687b09d6e87128bf7d6400902381df7b641.mpg.mp4,,Asher,Weiss
39251,"Parashat Mishpatim: ""Hamotzi Mechavero Alav Hara’ayah""",2017-02-20,2431,English,Parasha/Torah Portion,Mishpatim,https://ta-lectures.s3.us-east-005.backblazeb2.com/thumbnails/39251/39251.jpg,https://dl.torahanytime.com/mp3/39251---Osher__Weiss__02_20_2017__1b87435f45600c23c87eeba8d7540295a42972a1.mpg.mp4.mp3,https://ta-lectures.s3.us-east-005.backblazeb2.com/mobileres/39251---Osher__Weiss__02_20_2017__1b87435f45600c23c87eeba8d7540295a42972a1.mpg.mp4,,Asher,Weiss
39050,Parashat Yitro: Innovative Technology on Shabbat,2017-02-14,3621,English,Parasha/Torah Portion,Yitro,https://ta-lectures.s3.us-east-005.backblazeb2.com/thumbnails/39050/39050.jpg,https://dl.torahanytime.com/mp3/39050---Osher__Weiss__02_14_2017__1ab8e450e53501a76a27254fd0df1eab50f06535.mpg.mp4.mp3,https://ta-lectures.s3.us-east-005.backblazeb2.com/mobileres/39050---Osher__Weiss__02_14_2017__1ab8e450e53501a76a27254fd0df1eab50f06535.mpg.mp4,,Asher,Weiss
38618,Aish Yarchai Kallah 5777: Doing a Sin to Save Your Friend,2017-02-08,2869,English,Jewish Understanding,,https://ta-lectures.s3.us-east-005.backblazeb2.com/thumbnails/38618/38618.jpg,https://dl.torahanytime.com/mp3/38618---Osher__Weiss__02_08_2017__b7b7874e986f9ea6f2d6bf638c8e5deab752cfe8.mpg.mp4.mp3,https://ta-lectures.s3.us-east-005.backblazeb2.com/mobileres/38618---Osher__Weiss__02_08_2017__b7b7874e986f9ea6f2d6bf638c8e5deab752cfe8.mpg.mp4,,Asher,Weiss
38625,Aish Yarchai Kallah 5777: Q and A,2017-02-08,1288,English,Kiruv,,https://ta-lectures.s3.us-east-005.backblazeb2.com/thumbnails/38625/38625.jpg,https://dl.torahanytime.com/mp3/38625---Osher__Weiss__02_08_2017__b515a03650b0c5972634eb78a4e17fc0728f1514.mpg.mp4.mp3,https://ta-lectures.s3.us-east-005.backblazeb2.com/mobileres/38625---Osher__Weiss__02_08_2017__b515a03650b0c5972634eb78a4e17fc0728f1514.mpg.mp4,,Asher,Weiss
33039,Parashat Shoftim: The Tanach as a Halachic source,2016-09-06,3700,English,Parasha/Torah Portion,Shoftim,https://ta-lectures.s3.us-east-005.backblazeb2.com/thumbnails/33039/33039.jpg,https://dl.torahanytime.com/mp3/33039---Osher__Weiss__09_06_2016__ffe5a9601a2d497e8f2c2c02c38966c78e5f8f21.mp4.mp4.mp3,https://ta-lectures.s3.us-east-005.backblazeb2.com/mobileres/33039---Osher__Weiss__09_06_2016__ffe5a9601a2d497e8f2c2c02c38966c78e5f8f21.mp4.mp4,,Asher,Weiss
32029,Tisha B'av and Churban HaBayis,2016-08-08,2245,English,Holidays,Tisha B'Av,https://ta-lectures.s3.us-east-005.backblazeb2.com/thumbnails/32029/32029.jpg,https://dl.torahanytime.com/mp3/32029---Osher__Weiss__08_08_2016__9056d17d7e93361e8b4f3462a739cba52f5ec140.mp4.mp4.mp3,https://ta-lectures.s3.us-east-005.backblazeb2.com/mobileres/32029---Osher__Weiss__08_08_2016__9056d17d7e93361e8b4f3462a739cba52f5ec140.mp4.mp4,,Asher,Weiss
